timestamp,solar_S1,solar_S2,solar_S3,solar_S4,solar_S5,wind_W1,wind_W2,wind_W3,price,demand_C1,demand_C2,demand_C3,demand_C4,cloud_S1,cloud_S2,cloud_S3,cloud_S4,cloud_S5,wind_speed_W1,wind_speed_W2,wind_speed_W3
2025-04-14 00:00:00,0.0,0.0,0.0,0.0,0.0,22.24,8.44,19.58,4200.0,118.7,59.56,14.45,67.97,7.0,0.0,4.0,1.0,26.0,7.4,5.91,8.35
2025-04-14 00:15:00,0.0,0.0,0.0,0.0,0.0,15.49,8.99,16.85,4309.08,123.39,60.18,14.72,72.13,5.75,0.0,3.0,0.75,19.75,6.62,6.02,7.96
2025-04-14 00:30:00,0.0,0.0,0.0,0.0,0.0,10.15,9.56,14.38,4305.0,120.09,59.85,14.83,70.27,4.5,0.0,2.0,0.5,13.5,5.85,6.13,7.58
2025-04-14 00:45:00,0.0,0.0,0.0,0.0,0.0,6.06,10.16,12.14,4150.22,118.49,59.99,14.31,67.93,3.25,0.0,1.0,0.25,7.25,5.07,6.24,7.19
2025-04-14 01:00:00,0.0,0.0,0.0,0.0,0.0,3.05,10.77,10.14,4380.06,123.75,59.88,15.6,67.59,2.0,0.0,0.0,0.0,1.0,4.29,6.35,6.8
2025-04-14 01:15:00,0.0,0.0,0.0,0.0,0.0,3.67,9.82,8.9,4262.8,122.68,60.07,14.57,71.44,1.5,0.0,0.25,0.0,0.75,4.47,6.18,6.54
2025-04-14 01:30:00,0.0,0.0,0.0,0.0,0.0,4.34,8.91,7.76,3928.75,121.53,60.29,15.54,70.92,1.0,0.0,0.5,0.0,0.5,4.65,6.0,6.28
2025-04-14 01:45:00,0.0,0.0,0.0,0.0,0.0,5.07,8.06,6.71,3886.22,121.83,59.44,15.37,67.98,0.5,0.0,0.75,0.0,0.25,4.84,5.83,6.01
2025-04-14 02:00:00,0.0,0.0,0.0,0.0,0.0,5.85,7.26,5.75,3527.98,118.73,59.59,15.04,65.39,0.0,0.0,1.0,0.0,0.0,5.02,5.66,5.75
2025-04-14 02:15:00,0.0,0.0,0.0,0.0,0.0,6.44,7.22,3.91,3772.09,115.49,59.62,14.25,69.85,21.75,0.0,19.75,18.5,0.0,5.15,5.65,5.17
2025-04-14 02:30:00,0.0,0.0,0.0,0.0,0.0,7.07,7.19,2.45,3819.8,116.68,59.18,14.06,70.72,43.5,0.0,38.5,37.0,0.0,5.28,5.64,4.58
2025-04-14 02:45:00,0.0,0.0,0.0,0.0,0.0,7.72,7.16,1.31,4164.3,119.42,60.44,14.19,72.23,65.25,0.0,57.25,55.5,0.0,5.41,5.64,4.0
2025-04-14 03:00:00,0.0,0.0,0.0,0.0,0.0,8.41,7.12,0.46,4062.27,119.61,60.05,16.38,70.92,87.0,0.0,76.0,74.0,0.0,5.54,5.63,3.42
2025-04-14 03:15:00,0.0,0.0,0.0,0.0,0.0,9.33,5.89,0.48,4121.76,122.57,60.56,15.72,70.97,78.5,2.25,69.25,61.25,4.25,5.7,5.34,3.44
2025-04-14 03:30:00,0.0,0.0,0.0,0.0,0.0,10.3,4.79,0.5,4329.31,127.1,59.97,15.06,72.46,70.0,4.5,62.5,48.5,8.5,5.87,5.05,3.45
2025-04-14 03:45:00,0.0,0.0,0.0,0.0,0.0,11.33,3.8,0.52,4601.57,121.57,60.03,14.46,72.11,61.5,6.75,55.75,35.75,12.75,6.04,4.76,3.46
2025-04-14 04:00:00,0.0,0.0,0.0,0.0,0.0,12.42,2.93,0.53,4513.18,121.85,59.97,15.9,68.43,53.0,9.0,49.0,23.0,17.0,6.2,4.47,3.48
2025-04-14 04:15:00,0.0,0.0,0.0,0.0,0.0,11.58,3.29,0.89,4386.04,124.43,59.99,14.55,70.26,44.5,11.25,55.25,19.5,24.75,6.07,4.6,3.74
2025-04-14 04:30:00,0.0,0.0,0.0,0.0,0.0,10.77,3.68,1.29,4462.44,124.22,59.28,15.23,70.16,36.0,13.5,61.5,16.0,32.5,5.94,4.72,3.99
2025-04-14 04:45:00,0.0,0.0,0.0,0.0,0.0,9.99,4.08,1.75,4173.46,119.51,59.41,14.77,68.02,27.5,15.75,67.75,12.5,40.25,5.82,4.84,4.24
2025-04-14 05:00:00,0.0,0.0,0.0,0.0,0.0,9.24,4.5,2.26,4173.75,117.22,60.6,14.66,71.3,19.0,18.0,74.0,9.0,48.0,5.69,4.97,4.5
2025-04-14 05:15:00,0.0,0.0,0.0,0.0,0.0,8.22,3.92,1.73,4308.0,113.44,59.75,14.9,71.62,14.25,14.25,55.5,18.25,36.0,5.51,4.8,4.24
2025-04-14 05:30:00,0.3,0.19,0.12,0.16,0.1,7.26,3.37,1.25,4375.59,111.98,58.95,14.79,68.16,9.5,10.5,37.0,27.5,24.0,5.32,4.62,3.97
2025-04-14 05:45:00,0.45,0.29,0.18,0.24,0.15,6.37,2.86,0.84,4066.63,115.1,60.26,15.18,69.91,4.75,6.75,18.5,36.75,12.0,5.14,4.44,3.7
2025-04-14 06:00:00,0.6,0.38,0.24,0.32,0.2,5.54,2.39,0.48,4173.62,122.97,60.71,50.12,74.51,0.0,3.0,0.0,46.0,0.0,4.95,4.27,3.44
2025-04-14 06:15:00,4.29,3.31,2.38,2.22,1.33,4.71,1.35,0.29,4394.64,121.63,60.13,51.21,69.56,0.0,2.25,0.0,51.0,18.75,4.75,3.82,3.28
2025-04-14 06:30:00,7.98,6.24,4.51,4.11,2.45,3.95,0.53,0.12,4656.86,119.19,59.79,51.16,70.32,0.0,1.5,0.0,56.0,37.5,4.55,3.37,3.12
2025-04-14 06:45:00,11.64,9.17,6.63,5.99,3.58,3.25,0.0,0.0,4855.36,115.15,59.47,48.86,66.59,0.0,0.75,0.0,61.0,56.25,4.35,2.92,2.96
2025-04-14 07:00:00,15.29,12.1,8.75,7.86,4.7,2.61,0.0,0.0,5121.41,123.0,60.6,48.02,69.09,0.0,0.0,0.0,66.0,75.0,4.15,2.47,2.8
2025-04-14 07:15:00,22.13,17.71,13.17,11.37,6.86,1.7,0.0,0.0,5441.19,117.17,60.64,50.75,69.68,0.0,0.0,0.0,49.75,58.75,3.82,2.22,2.64
2025-04-14 07:30:00,28.93,23.3,17.56,14.86,9.01,0.92,0.0,0.0,5528.6,122.8,59.83,49.16,68.72,0.0,0.0,0.0,33.5,42.5,3.5,1.98,2.48
2025-04-14 07:45:00,35.7,28.82,21.94,18.33,11.14,0.28,0.0,0.0,5611.62,124.82,59.73,50.12,67.87,0.0,0.0,0.0,17.25,26.25,3.17,1.73,2.33
2025-04-14 08:00:00,42.43,34.3,26.29,21.78,13.27,0.0,0.0,0.0,5214.67,122.06,59.85,50.58,67.98,0.0,0.0,0.0,1.0,10.0,2.84,1.48,2.17
2025-04-14 08:15:00,49.22,39.88,30.81,25.28,15.46,0.0,0.0,0.0,5108.92,111.92,60.87,49.58,72.72,0.0,0.0,0.0,0.75,7.5,2.9,1.38,2.12
2025-04-14 08:30:00,55.99,45.44,35.31,28.76,17.63,0.0,0.0,0.0,5044.78,119.08,60.2,50.44,72.18,0.0,0.0,0.0,0.5,5.0,2.95,1.29,2.07
2025-04-14 08:45:00,62.72,50.98,39.78,32.23,19.8,0.01,0.0,0.0,4983.58,121.56,59.68,49.09,69.28,0.0,0.0,0.0,0.25,2.5,3.0,1.2,2.02
2025-04-14 09:00:00,69.42,56.49,44.22,35.69,21.95,0.1,0.0,0.0,5066.82,121.27,60.7,50.43,68.06,0.0,0.0,0.0,0.0,0.0,3.06,1.1,1.97
2025-04-14 09:15:00,75.08,61.09,47.99,38.61,23.78,0.0,0.0,0.0,4889.76,119.25,59.63,50.68,72.15,0.0,0.0,2.5,0.0,3.25,2.98,1.19,1.94
2025-04-14 09:30:00,80.71,65.67,51.74,41.52,25.6,0.0,0.0,0.0,4679.19,123.36,60.95,49.14,69.11,0.0,0.0,5.0,0.0,6.5,2.89,1.28,1.92
2025-04-14 09:45:00,86.33,70.24,55.46,44.42,27.41,0.0,0.0,0.0,4370.68,121.98,60.23,52.03,69.85,0.0,0.0,7.5,0.0,9.75,2.8,1.37,1.89
2025-04-14 10:00:00,91.92,74.8,59.16,47.31,29.22,0.0,0.0,0.0,4283.07,122.22,60.61,50.39,72.86,0.0,0.0,10.0,0.0,13.0,2.72,1.46,1.86
2025-04-14 10:15:00,95.67,77.94,61.38,49.07,30.05,0.0,0.0,0.0,4083.41,117.12,60.75,49.67,72.05,3.0,2.75,13.25,6.5,13.75,2.6,1.35,1.86
2025-04-14 10:30:00,99.4,81.07,63.6,50.83,30.88,0.0,0.0,0.0,3969.38,123.53,61.24,50.36,69.08,6.0,5.5,16.5,13.0,14.5,2.49,1.24,1.85
2025-04-14 10:45:00,103.12,84.19,65.8,52.58,31.71,0.0,0.0,0.0,3984.07,117.77,60.83,51.6,66.21,9.0,8.25,19.75,19.5,15.25,2.37,1.13,1.85
2025-04-14 11:00:00,106.83,87.3,68.0,54.32,32.54,0.0,0.0,0.0,3747.67,117.91,60.79,50.53,68.27,12.0,11.0,23.0,26.0,16.0,2.25,1.02,1.84
2025-04-14 11:15:00,106.54,87.64,68.34,54.16,33.16,0.0,0.0,0.0,3517.0,124.37,61.17,49.16,69.82,13.25,12.0,23.0,23.75,12.75,2.12,1.14,1.74
2025-04-14 11:30:00,106.26,87.97,68.68,54.0,33.77,0.0,0.0,0.0,3208.68,118.88,61.3,50.38,68.88,14.5,13.0,23.0,21.5,9.5,2.0,1.26,1.63
2025-04-14 11:45:00,105.98,88.3,69.01,53.83,34.38,0.0,0.0,0.0,3172.4,119.13,60.32,49.27,70.04,15.75,14.0,23.0,19.25,6.25,1.87,1.38,1.52
2025-04-14 12:00:00,105.69,88.64,69.35,53.67,34.99,0.0,0.0,0.0,3364.23,124.11,60.39,49.49,69.62,17.0,15.0,23.0,17.0,3.0,1.74,1.5,1.42
2025-04-14 12:15:00,104.84,87.64,68.92,53.42,35.21,0.0,0.0,0.0,3422.77,124.05,61.26,51.01,65.28,18.0,13.5,25.25,19.5,3.75,1.68,1.46,1.3
2025-04-14 12:30:00,103.99,86.65,68.5,53.17,35.43,0.0,0.0,0.0,3251.22,120.25,61.3,50.37,54.78,19.0,12.0,27.5,22.0,4.5,1.62,1.43,1.18
2025-04-14 12:45:00,103.14,85.67,68.07,52.91,35.64,0.0,0.0,0.0,3111.17,119.92,61.48,50.14,60.33,20.0,10.5,29.75,24.5,5.25,1.56,1.4,1.07
2025-04-14 13:00:00,102.29,84.68,67.65,52.66,35.86,0.0,0.0,0.0,3163.83,120.44,60.66,51.29,53.04,21.0,9.0,32.0,27.0,6.0,1.5,1.36,0.95
2025-04-14 13:15:00,99.61,83.58,66.05,50.97,35.09,0.0,0.0,0.0,3277.4,115.85,61.32,50.82,47.17,23.0,11.5,35.5,26.25,5.25,1.6,1.3,1.08
2025-04-14 13:30:00,96.93,82.48,64.45,49.29,34.31,0.0,0.0,0.0,3367.3,120.27,61.54,49.99,47.55,25.0,14.0,39.0,25.5,4.5,1.7,1.24,1.22
2025-04-14 13:45:00,94.25,81.38,62.85,47.6,33.54,0.0,0.0,0.0,3502.01,116.68,62.06,36.0,45.23,27.0,16.5,42.5,24.75,3.75,1.8,1.17,1.36
2025-04-14 14:00:00,91.58,80.29,61.25,45.92,32.77,0.0,0.0,0.0,3512.55,125.1,61.06,36.0,46.72,29.0,19.0,46.0,24.0,3.0,1.9,1.11,1.49
2025-04-14 14:15:00,87.55,77.15,58.33,43.92,31.41,0.0,0.0,0.0,3306.47,118.69,61.32,36.0,45.76,29.0,17.75,46.5,24.25,5.5,1.83,1.37,1.52
2025-04-14 14:30:00,83.52,74.02,55.4,41.91,30.04,0.0,0.0,0.0,3195.75,113.19,60.86,49.86,47.68,29.0,16.5,47.0,24.5,8.0,1.76,1.64,1.54
2025-04-14 14:45:00,79.49,70.89,52.48,39.91,28.67,0.0,0.0,0.0,3153.68,121.83,61.05,51.13,48.75,29.0,15.25,47.5,24.75,10.5,1.7,1.9,1.57
2025-04-14 15:00:00,75.46,67.75,49.55,37.91,27.3,0.0,0.0,0.0,3180.88,120.01,60.67,49.0,53.23,29.0,14.0,48.0,25.0,13.0,1.63,2.16,1.6
2025-04-14 15:15:00,68.9,62.63,45.65,35.4,25.13,0.0,0.0,0.0,3185.62,121.59,60.74,49.74,56.53,25.0,13.25,48.0,21.75,14.25,1.75,2.16,1.4
2025-04-14 15:30:00,62.33,57.49,41.74,32.88,22.96,0.0,0.0,0.0,3389.3,121.84,61.22,51.21,63.89,21.0,12.5,48.0,18.5,15.5,1.86,2.15,1.19
2025-04-14 15:45:00,55.76,52.35,37.83,30.36,20.79,0.0,0.0,0.0,3859.81,119.94,60.75,49.44,65.81,17.0,11.75,48.0,15.25,16.75,1.98,2.15,0.99
2025-04-14 16:00:00,49.17,47.2,33.91,27.84,18.62,0.0,0.0,0.0,4368.0,118.94,61.18,50.79,65.76,13.0,11.0,48.0,12.0,18.0,2.1,2.15,0.78
2025-04-14 16:15:00,44.43,41.65,30.36,25.02,16.56,0.0,0.0,0.0,4396.85,115.74,60.67,50.71,70.32,15.5,8.75,44.5,16.0,15.5,2.66,2.28,0.91
2025-04-14 16:30:00,39.69,36.08,26.79,22.19,14.49,0.36,0.0,0.0,3979.62,118.99,61.47,48.37,73.17,18.0,6.5,41.0,20.0,13.0,3.21,2.4,1.03
2025-04-14 16:45:00,34.93,30.51,23.22,19.36,12.42,1.55,0.0,0.0,3854.42,118.07,61.26,50.74,66.59,20.5,4.25,37.5,24.0,10.5,3.76,2.53,1.16
2025-04-14 17:00:00,30.16,24.93,19.64,16.52,10.34,3.15,0.0,0.0,6170.21,116.31,61.29,48.75,70.46,23.0,2.0,34.0,28.0,8.0,4.32,2.66,1.29
2025-04-14 17:15:00,24.51,20.41,16.3,13.42,8.34,3.87,0.33,0.0,5991.5,117.79,60.69,52.78,68.63,24.0,19.25,26.5,23.5,7.5,4.53,3.24,1.83
2025-04-14 17:30:00,18.84,15.87,12.94,10.31,6.33,4.65,1.36,0.0,3961.97,118.02,61.23,50.01,69.16,25.0,36.5,19.0,19.0,7.0,4.74,3.82,2.37
2025-04-14 17:45:00,13.15,11.29,9.56,7.18,4.3,5.51,2.76,0.0,4784.22,119.91,60.79,51.5,69.79,26.0,53.75,11.5,14.5,6.5,4.94,4.41,2.91
2025-04-14 18:00:00,7.43,6.69,6.16,4.04,2.27,6.44,4.57,0.5,5214.2,122.56,60.92,48.75,70.8,27.0,71.0,4.0,10.0,6.0,5.15,4.99,3.45
2025-04-14 18:15:00,5.58,5.02,4.63,3.04,1.7,3.15,3.93,1.69,5493.84,122.42,60.37,49.06,67.15,26.5,59.75,3.25,9.25,6.0,4.32,4.8,4.22
2025-04-14 18:30:00,3.73,3.35,3.09,2.03,1.14,0.91,3.34,3.4,5750.87,126.71,60.19,49.64,67.71,26.0,48.5,2.5,8.5,6.0,3.49,4.61,4.98
2025-04-14 18:45:00,1.87,1.68,1.55,1.02,0.57,0.0,2.79,5.74,6277.1,130.13,60.38,50.45,70.36,25.5,37.25,1.75,7.75,6.0,2.66,4.42,5.74
2025-04-14 19:00:00,0.0,0.0,0.0,0.0,0.0,0.0,2.29,8.78,6901.76,119.47,59.85,50.4,69.61,25.0,26.0,1.0,7.0,6.0,1.83,4.23,6.51
2025-04-14 19:15:00,0.0,0.0,0.0,0.0,0.0,0.0,3.71,10.2,7671.91,122.98,60.65,52.47,68.32,29.5,34.0,1.25,6.75,4.75,2.3,4.73,6.81
2025-04-14 19:30:00,0.0,0.0,0.0,0.0,0.0,0.0,5.46,11.75,7763.65,116.09,59.74,49.78,72.48,34.0,42.0,1.5,6.5,3.5,2.76,5.23,7.12
2025-04-14 19:45:00,0.0,0.0,0.0,0.0,0.0,0.4,7.58,13.44,8169.96,118.78,59.37,50.7,68.67,38.5,50.0,1.75,6.25,2.25,3.23,5.73,7.42
2025-04-14 20:00:00,0.0,0.0,0.0,0.0,0.0,1.39,10.1,15.28,8265.22,119.75,59.95,48.98,70.94,43.0,58.0,2.0,6.0,1.0,3.7,6.23,7.72
2025-04-14 20:15:00,0.0,0.0,0.0,0.0,0.0,3.29,12.36,13.14,8289.12,120.56,60.53,51.58,68.35,47.0,58.0,1.5,7.0,1.75,4.36,6.62,7.36
2025-04-14 20:30:00,0.0,0.0,0.0,0.0,0.0,5.87,14.9,11.2,8249.27,118.82,60.83,48.95,72.11,51.0,58.0,1.0,8.0,2.5,5.02,7.0,7.01
2025-04-14 20:45:00,0.0,0.0,0.0,0.0,0.0,9.23,17.73,9.44,7758.45,118.17,59.66,48.36,68.97,55.0,58.0,0.5,9.0,3.25,5.69,7.39,6.65
2025-04-14 21:00:00,0.0,0.0,0.0,0.0,0.0,13.47,20.88,7.87,7664.52,118.08,59.43,49.32,72.99,59.0,58.0,0.0,10.0,4.0,6.35,7.78,6.3
2025-04-14 21:15:00,0.0,0.0,0.0,0.0,0.0,12.77,18.93,8.21,7512.5,117.35,60.34,47.57,69.67,48.25,45.5,1.75,8.0,3.25,6.25,7.54,6.38
2025-04-14 21:30:00,0.0,0.0,0.0,0.0,0.0,12.09,17.1,8.56,7037.65,119.73,60.35,48.09,70.25,37.5,33.0,3.5,6.0,2.5,6.15,7.31,6.46
2025-04-14 21:45:00,0.0,0.0,0.0,0.0,0.0,11.43,15.39,8.91,6633.0,119.49,59.86,49.61,70.36,26.75,20.5,5.25,4.0,1.75,6.05,7.08,6.54
2025-04-14 22:00:00,0.0,0.0,0.0,0.0,0.0,10.8,13.78,9.28,6202.53,117.36,59.22,14.43,70.48,16.0,8.0,7.0,2.0,1.0,5.95,6.84,6.62
2025-04-14 22:15:00,0.0,0.0,0.0,0.0,0.0,7.81,16.12,10.36,5652.87,117.59,59.73,15.71,66.63,14.0,7.75,5.5,1.5,0.75,5.43,7.18,6.84
2025-04-14 22:30:00,0.0,0.0,0.0,0.0,0.0,5.35,18.69,11.51,5262.94,121.11,60.45,15.17,71.31,12.0,7.5,4.0,1.0,0.5,4.9,7.52,7.07
2025-04-14 22:45:00,0.0,0.0,0.0,0.0,0.0,3.36,21.5,12.74,4482.49,117.01,59.0,13.36,70.17,10.0,7.25,2.5,0.5,0.25,4.38,7.85,7.3
2025-04-14 23:00:00,0.0,0.0,0.0,0.0,0.0,1.79,24.57,14.05,3810.14,111.77,59.67,13.11,68.56,8.0,7.0,1.0,0.0,0.0,3.86,8.19,7.52
2025-04-14 23:15:00,0.0,0.0,0.0,0.0,0.0,2.33,22.23,13.2,3724.39,119.15,59.68,13.41,71.19,9.0,6.5,1.25,0.0,0.0,4.06,7.94,7.38
2025-04-14 23:30:00,0.0,0.0,0.0,0.0,0.0,2.93,20.03,12.38,4153.83,116.61,59.57,14.79,70.04,10.0,6.0,1.5,0.0,0.0,4.25,7.68,7.23
2025-04-14 23:45:00,0.0,0.0,0.0,0.0,0.0,3.58,17.98,11.59,4294.96,118.3,59.78,14.43,70.43,11.0,5.5,1.75,0.0,0.0,4.44,7.42,7.08
2025-04-15 00:00:00,0.0,0.0,0.0,0.0,0.0,4.29,16.07,10.84,4413.83,123.26,60.53,14.35,67.09,12.0,5.0,2.0,0.0,0.0,4.64,7.17,6.94
2025-04-15 00:15:00,0.0,0.0,0.0,0.0,0.0,3.77,15.67,9.8,4700.29,120.29,59.73,14.16,72.59,9.0,4.0,4.5,0.0,0.0,4.5,7.12,6.73
2025-04-15 00:30:00,0.0,0.0,0.0,0.0,0.0,3.29,15.28,8.82,4674.67,121.23,60.6,14.69,65.24,6.0,3.0,7.0,0.0,0.0,4.36,7.06,6.52
2025-04-15 00:45:00,0.0,0.0,0.0,0.0,0.0,2.83,14.9,7.91,4722.31,117.5,60.12,15.33,70.95,3.0,2.0,9.5,0.0,0.0,4.22,7.0,6.31
2025-04-15 01:00:00,0.0,0.0,0.0,0.0,0.0,2.41,14.52,7.05,4657.9,120.59,60.13,14.53,68.64,0.0,1.0,12.0,0.0,0.0,4.08,6.95,6.1
2025-04-15 01:15:00,0.0,0.0,0.0,0.0,0.0,3.39,14.11,5.9,4634.32,125.27,59.98,15.23,71.27,0.0,0.75,9.75,0.0,0.0,4.39,6.89,5.79
2025-04-15 01:30:00,0.0,0.0,0.0,0.0,0.0,4.52,13.71,4.87,4785.92,117.03,59.0,15.7,70.65,0.0,0.5,7.5,0.0,0.0,4.7,6.83,5.48
2025-04-15 01:45:00,0.0,0.0,0.0,0.0,0.0,5.81,13.32,3.94,4714.78,117.16,59.4,14.3,70.34,0.0,0.25,5.25,0.0,0.0,5.01,6.77,5.18
2025-04-15 02:00:00,0.0,0.0,0.0,0.0,0.0,7.26,12.94,3.12,4467.38,115.59,60.41,14.46,71.29,0.0,0.0,3.0,0.0,0.0,5.32,6.71,4.87
2025-04-15 02:15:00,0.0,0.0,0.0,0.0,0.0,7.85,12.27,3.49,4155.06,118.72,59.57,13.91,70.31,0.0,0.0,2.75,0.0,0.0,5.44,6.6,5.01
2025-04-15 02:30:00,0.0,0.0,0.0,0.0,0.0,8.46,11.62,3.88,4248.49,119.33,60.2,14.68,69.07,0.0,0.0,2.5,0.0,0.0,5.55,6.5,5.16
2025-04-15 02:45:00,0.0,0.0,0.0,0.0,0.0,9.1,10.99,4.29,4187.46,124.16,60.95,14.93,67.09,0.0,0.0,2.25,0.0,0.0,5.66,6.39,5.3
2025-04-15 03:00:00,0.0,0.0,0.0,0.0,0.0,9.76,10.38,4.73,4026.32,116.77,59.82,14.51,72.69,0.0,0.0,2.0,0.0,0.0,5.78,6.28,5.44
2025-04-15 03:15:00,0.0,0.0,0.0,0.0,0.0,9.16,8.45,4.88,4436.46,120.52,60.09,14.85,68.73,0.0,0.0,1.5,0.25,0.0,5.68,5.91,5.49
2025-04-15 03:30:00,0.0,0.0,0.0,0.0,0.0,8.57,6.75,5.05,4286.69,124.6,59.36,14.84,70.75,0.0,0.0,1.0,0.5,0.0,5.57,5.54,5.54
2025-04-15 03:45:00,0.0,0.0,0.0,0.0,0.0,8.01,5.26,5.21,4360.21,119.56,60.06,16.26,67.82,0.0,0.0,0.5,0.75,0.0,5.46,5.18,5.59
2025-04-15 04:00:00,0.0,0.0,0.0,0.0,0.0,7.47,3.96,5.38,4496.62,119.53,60.33,14.95,68.52,0.0,0.0,0.0,1.0,0.0,5.36,4.81,5.64
2025-04-15 04:15:00,0.0,0.0,0.0,0.0,0.0,7.15,3.41,5.09,4625.9,120.07,60.29,13.15,70.62,0.0,0.0,0.0,0.75,0.0,5.3,4.64,5.56
2025-04-15 04:30:00,0.0,0.0,0.0,0.0,0.0,6.85,2.9,4.82,4427.04,116.55,59.9,14.09,71.16,0.0,0.0,0.0,0.5,0.0,5.24,4.46,5.47
2025-04-15 04:45:00,0.0,0.0,0.0,0.0,0.0,6.55,2.43,4.56,4305.48,119.46,59.65,14.58,71.02,0.0,0.0,0.0,0.25,0.0,5.17,4.28,5.38
2025-04-15 05:00:00,0.0,0.0,0.0,0.0,0.0,6.26,2.0,4.3,4426.68,114.19,60.23,14.55,68.77,0.0,0.0,0.0,0.0,0.0,5.11,4.11,5.3
2025-04-15 05:15:00,0.0,0.0,0.0,0.0,0.0,6.33,3.73,4.73,4513.21,120.69,60.53,14.05,69.87,0.0,3.25,0.25,0.0,0.0,5.12,4.74,5.44
2025-04-15 05:30:00,0.3,0.19,0.12,0.19,0.1,6.4,5.99,5.19,4502.47,116.05,59.69,14.52,71.7,0.0,6.5,0.5,0.0,0.0,5.14,5.36,5.58
2025-04-15 05:45:00,0.45,0.29,0.18,0.29,0.15,6.47,8.85,5.68,4443.1,120.33,59.93,13.39,69.32,0.0,9.75,0.75,0.0,0.0,5.16,5.99,5.73
2025-04-15 06:00:00,0.6,0.38,0.24,0.38,0.2,6.54,12.37,6.18,4440.84,122.28,59.68,48.35,69.31,0.0,13.0,1.0,0.0,0.0,5.17,6.62,5.87
2025-04-15 06:15:00,4.29,3.17,2.38,2.28,1.34,6.02,11.34,5.68,4652.98,118.56,59.8,48.13,70.39,1.0,22.0,0.75,0.0,0.0,5.06,6.45,5.73
2025-04-15 06:30:00,7.98,5.95,4.52,4.17,2.48,5.52,10.35,5.19,4770.74,120.64,60.63,48.58,69.2,2.0,31.0,0.5,0.0,0.0,4.94,6.28,5.58
2025-04-15 06:45:00,11.66,8.74,6.66,6.06,3.61,5.05,9.42,4.73,4914.84,122.77,60.59,50.6,72.59,3.0,40.0,0.25,0.0,0.0,4.83,6.1,5.44
2025-04-15 07:00:00,15.32,11.52,8.79,7.94,4.74,4.59,8.54,4.3,4950.1,119.82,59.5,48.92,69.87,4.0,49.0,0.0,0.0,0.0,4.72,5.93,5.3
2025-04-15 07:15:00,22.1,16.44,13.21,11.42,6.89,3.64,7.59,3.78,4869.19,119.8,60.66,50.5,71.91,3.0,49.5,0.0,0.0,0.0,4.46,5.73,5.12
2025-04-15 07:30:00,28.85,21.36,17.61,14.89,9.02,2.78,6.71,3.3,4909.45,116.47,60.25,50.6,67.89,2.0,50.0,0.0,0.0,0.0,4.2,5.54,4.94
2025-04-15 07:45:00,35.56,26.27,21.99,18.34,11.14,2.03,5.88,2.85,4744.97,116.57,59.35,50.11,70.72,1.0,50.5,0.0,0.0,0.0,3.95,5.34,4.76
2025-04-15 08:00:00,42.22,31.1,26.34,21.78,13.25,1.37,5.12,2.44,4859.59,122.56,60.26,49.59,65.96,0.0,51.0,0.0,0.0,0.0,3.69,5.14,4.58
2025-04-15 08:15:00,49.08,36.74,30.85,25.25,15.41,1.39,4.26,2.41,4901.96,119.59,60.7,50.65,71.09,0.0,38.5,0.0,0.0,0.5,3.7,4.9,4.57
2025-04-15 08:30:00,55.89,42.35,35.33,28.7,17.55,1.41,3.49,2.38,4956.63,121.32,60.26,50.28,71.25,0.0,26.0,0.0,0.0,1.0,3.71,4.66,4.56
2025-04-15 08:45:00,62.68,47.93,39.78,32.13,19.68,1.44,2.79,2.35,4971.77,120.75,59.97,50.17,68.55,0.0,13.5,0.0,0.0,1.5,3.72,4.42,4.54
2025-04-15 09:00:00,69.42,53.49,44.19,35.53,21.79,1.46,2.17,2.33,4617.02,118.98,60.1,50.22,68.15,0.0,1.0,0.0,0.0,2.0,3.73,4.18,4.53
2025-04-15 09:15:00,75.08,58.39,47.93,38.41,23.56,1.11,1.88,2.1,4317.65,114.47,60.55,49.11,71.73,0.0,0.75,0.0,1.5,2.25,3.58,4.06,4.42
2025-04-15 09:30:00,80.71,63.26,51.65,41.27,25.32,0.79,1.61,1.89,4312.78,117.14,60.96,49.33,68.47,0.0,0.5,0.0,3.0,2.5,3.43,3.94,4.32
2025-04-15 09:45:00,86.33,68.11,55.35,44.12,27.07,0.49,1.35,1.69,4325.06,124.65,61.32,49.99,66.07,0.0,0.25,0.0,4.5,2.75,3.28,3.82,4.22
2025-04-15 10:00:00,91.92,72.94,59.02,46.95,28.81,0.22,1.11,1.5,4236.91,121.43,60.74,51.84,71.68,0.0,0.0,0.0,6.0,3.0,3.13,3.7,4.11
2025-04-15 10:15:00,95.81,76.08,61.56,48.67,29.95,0.0,0.76,1.29,3979.2,125.12,60.51,48.83,67.52,8.25,0.5,2.75,8.5,13.5,2.91,3.51,3.99
2025-04-15 10:30:00,99.69,79.21,64.08,50.39,31.09,0.0,0.44,1.1,3528.1,118.15,60.7,49.48,69.71,16.5,1.0,5.5,11.0,24.0,2.69,3.32,3.88
2025-04-15 10:45:00,103.55,82.32,66.58,52.1,32.23,0.0,0.16,0.92,3568.62,120.4,61.16,49.66,70.92,24.75,1.5,8.25,13.5,34.5,2.47,3.12,3.76
2025-04-15 11:00:00,107.4,85.43,69.08,53.81,33.36,0.0,0.0,0.75,3090.67,118.09,61.34,51.59,71.1,33.0,2.0,11.0,16.0,45.0,2.25,2.93,3.64
2025-04-15 11:15:00,105.83,84.12,69.35,54.15,32.0,0.0,0.0,0.27,2724.89,124.98,61.55,50.75,68.0,29.5,9.75,15.0,17.25,39.0,2.15,2.51,3.26
2025-04-15 11:30:00,104.26,82.81,69.62,54.49,30.63,0.0,0.0,0.0,2782.5,114.2,61.55,51.18,69.36,26.0,17.5,19.0,18.5,33.0,2.04,2.1,2.88
2025-04-15 11:45:00,102.7,81.51,69.88,54.83,29.27,0.0,0.0,0.0,2588.44,122.53,60.35,49.32,67.69,22.5,25.25,23.0,19.75,27.0,1.94,1.68,2.5
2025-04-15 12:00:00,101.13,80.21,70.15,55.17,27.91,0.0,0.0,0.0,2276.87,113.21,60.76,50.27,66.5,19.0,33.0,27.0,21.0,21.0,1.84,1.26,2.12
2025-04-15 12:15:00,101.68,77.18,68.67,54.37,29.04,0.0,0.0,0.0,1882.65,118.58,61.54,49.79,61.41,17.75,33.0,27.5,40.5,21.0,1.66,1.0,1.96
2025-04-15 12:30:00,102.23,74.16,67.2,53.57,30.18,0.0,0.0,0.0,2047.88,124.17,60.86,49.57,60.08,16.5,33.0,28.0,60.0,21.0,1.48,0.73,1.79
2025-04-15 12:45:00,102.77,71.13,65.73,52.77,31.31,0.0,0.0,0.0,2221.77,118.19,60.97,49.45,54.81,15.25,33.0,28.5,79.5,21.0,1.31,0.46,1.62
2025-04-15 13:00:00,103.32,68.12,64.26,51.97,32.44,0.0,0.0,0.0,2313.24,122.02,61.38,50.01,53.41,14.0,33.0,29.0,99.0,21.0,1.13,0.2,1.46
2025-04-15 13:15:00,100.24,67.01,63.01,48.56,31.87,0.0,0.0,0.0,2213.99,119.89,61.87,50.32,47.45,13.25,35.0,28.5,95.75,29.25,1.05,0.38,1.34
2025-04-15 13:30:00,97.16,65.91,61.77,45.14,31.31,0.0,0.0,0.0,2443.18,119.93,60.46,49.34,50.4,12.5,37.0,28.0,92.5,37.5,0.96,0.56,1.21
2025-04-15 13:45:00,94.08,64.81,60.53,41.73,30.75,0.0,0.0,0.0,2477.4,119.65,60.76,36.0,49.96,11.75,39.0,27.5,89.25,45.75,0.88,0.74,1.08
2025-04-15 14:00:00,91.01,63.71,59.28,38.32,30.19,0.0,0.0,0.0,2719.58,121.19,61.84,36.0,45.57,11.0,41.0,27.0,86.0,54.0,0.8,0.92,0.96
2025-04-15 14:15:00,88.07,61.93,57.31,36.93,27.83,0.0,0.0,0.0,2597.25,118.2,61.88,36.0,47.77,12.5,43.25,24.75,89.5,62.75,0.84,1.04,0.91
2025-04-15 14:30:00,85.13,60.16,55.33,35.55,25.46,0.0,0.0,0.0,2859.44,120.26,61.3,48.98,42.93,14.0,45.5,22.5,93.0,71.5,0.88,1.16,0.86
2025-04-15 14:45:00,82.19,58.39,53.36,34.16,23.09,0.0,0.0,0.0,3191.42,116.55,61.14,52.52,50.62,15.5,47.75,20.25,96.5,80.25,0.92,1.28,0.81
2025-04-15 15:00:00,79.25,56.61,51.39,32.78,20.71,0.0,0.0,0.0,3264.86,117.47,60.43,51.04,54.26,17.0,50.0,18.0,100.0,89.0,0.96,1.4,0.76
2025-04-15 15:15:00,74.08,52.67,47.89,29.12,19.4,0.0,0.0,0.0,3218.75,122.17,60.83,50.93,56.42,19.0,48.75,29.75,93.5,73.25,1.19,1.54,0.77
2025-04-15 15:30:00,68.92,48.72,44.4,25.45,18.1,0.0,0.0,0.0,3574.01,117.88,61.85,48.43,61.82,21.0,47.5,41.5,87.0,57.5,1.42,1.67,0.78
2025-04-15 15:45:00,63.74,44.77,40.89,21.78,16.79,0.0,0.0,0.0,3550.25,125.84,61.87,50.67,64.63,23.0,46.25,53.25,80.5,41.75,1.64,1.81,0.79
2025-04-15 16:00:00,58.56,40.82,37.39,18.09,15.48,0.0,0.0,0.0,8090.65,123.77,60.94,49.11,72.17,25.0,45.0,65.0,74.0,26.0,1.87,1.95,0.8
2025-04-15 16:15:00,51.59,36.55,32.21,16.03,13.74,0.0,0.0,0.0,3966.04,124.31,61.62,52.19,71.38,24.25,43.75,68.25,72.5,21.5,2.16,1.82,0.83
2025-04-15 16:30:00,44.6,32.28,27.02,13.97,11.99,0.0,0.0,0.0,4132.31,119.7,61.12,49.54,71.31,23.5,42.5,71.5,71.0,17.0,2.46,1.69,0.86
2025-04-15 16:45:00,37.59,28.0,21.82,11.9,10.23,0.0,0.0,0.0,4153.46,120.93,60.92,49.43,64.94,22.75,41.25,74.75,69.5,12.5,2.75,1.56,0.89
2025-04-15 17:00:00,30.57,23.72,16.61,9.83,8.47,0.06,0.0,0.0,4301.44,121.75,61.42,49.07,70.96,22.0,40.0,78.0,68.0,8.0,3.04,1.43,0.92
2025-04-15 17:15:00,24.86,19.52,13.98,8.32,7.0,2.44,0.0,0.0,4481.76,115.97,60.96,51.19,70.58,19.75,35.0,62.25,73.5,8.0,4.09,2.56,1.62
2025-04-15 17:30:00,19.12,15.29,11.33,6.82,5.53,6.42,1.07,0.0,4171.71,124.39,60.78,51.57,70.51,17.5,30.0,46.5,79.0,8.0,5.14,3.68,2.32
2025-04-15 17:45:00,13.35,11.04,8.67,5.31,4.05,12.41,3.95,0.01,4856.81,119.14,61.2,51.24,68.82,15.25,25.0,30.75,84.5,8.0,6.2,4.8,3.01
2025-04-15 18:00:00,7.55,6.77,6.0,3.8,2.56,20.82,8.54,0.85,5294.76,119.15,60.74,49.72,72.34,13.0,20.0,15.0,90.0,8.0,7.25,5.93,3.71
2025-04-15 18:15:00,5.67,5.09,4.51,2.85,1.93,17.1,7.49,0.89,6000.44,125.58,60.71,48.92,71.72,12.5,26.0,13.0,73.0,6.25,6.82,5.71,3.74
2025-04-15 18:30:00,3.78,3.4,3.01,1.91,1.29,13.82,6.51,0.93,6647.6,121.88,59.42,49.15,71.47,12.0,32.0,11.0,56.0,4.5,6.4,5.49,3.76
2025-04-15 18:45:00,1.9,1.7,1.51,0.95,0.64,10.95,5.61,0.97,7075.33,127.61,59.84,48.47,66.58,11.5,38.0,9.0,39.0,2.75,5.98,5.27,3.79
2025-04-15 19:00:00,0.0,0.0,0.0,0.0,0.0,8.46,4.79,1.01,7479.14,120.51,60.64,47.96,67.97,11.0,44.0,7.0,22.0,1.0,5.55,5.05,3.82
2025-04-15 19:15:00,0.0,0.0,0.0,0.0,0.0,6.51,8.95,3.04,8047.0,121.6,60.4,48.84,67.43,9.5,57.75,5.75,19.25,1.5,5.16,6.01,4.84
2025-04-15 19:30:00,0.0,0.0,0.0,0.0,0.0,4.83,14.69,6.13,8292.35,124.44,59.5,50.13,67.69,8.0,71.5,4.5,16.5,2.0,4.78,6.98,5.86
2025-04-15 19:45:00,0.0,0.0,0.0,0.0,0.0,3.4,22.25,10.5,8409.3,119.87,60.71,48.62,71.51,6.5,85.25,3.25,13.75,2.5,4.39,7.94,6.87
2025-04-15 20:00:00,0.0,0.0,0.0,0.0,0.0,2.2,31.89,16.37,8092.59,121.98,60.64,49.78,71.24,5.0,99.0,2.0,11.0,3.0,4.01,8.9,7.89
2025-04-15 20:15:00,0.0,0.0,0.0,0.0,0.0,2.89,28.57,13.1,8206.05,121.32,59.98,50.2,68.03,4.25,87.75,1.5,9.5,2.5,4.24,8.59,7.36
2025-04-15 20:30:00,0.0,0.0,0.0,0.0,0.0,3.65,25.48,10.26,8264.57,115.83,59.84,50.33,69.76,3.5,76.5,1.0,8.0,2.0,4.46,8.28,6.82
2025-04-15 20:45:00,0.0,0.0,0.0,0.0,0.0,4.49,22.61,7.84,8200.59,114.73,59.98,50.75,68.48,2.75,65.25,0.5,6.5,1.5,4.69,7.98,6.29
2025-04-15 21:00:00,0.0,0.0,0.0,0.0,0.0,5.41,19.95,5.79,8124.0,121.25,60.0,47.87,71.31,2.0,54.0,0.0,5.0,1.0,4.92,7.67,5.76
2025-04-15 21:15:00,0.0,0.0,0.0,0.0,0.0,6.86,18.83,5.86,7875.44,117.96,59.85,49.69,71.06,3.75,52.25,0.0,4.25,0.75,5.24,7.53,5.78
2025-04-15 21:30:00,0.0,0.0,0.0,0.0,0.0,8.49,17.75,5.93,7751.56,122.95,60.17,47.94,69.52,5.5,50.5,0.0,3.5,0.5,5.56,7.4,5.8
2025-04-15 21:45:00,0.0,0.0,0.0,0.0,0.0,10.32,16.71,6.0,6881.03,116.01,60.57,51.32,65.76,7.25,48.75,0.0,2.75,0.25,5.87,7.26,5.82
2025-04-15 22:00:00,0.0,0.0,0.0,0.0,0.0,12.36,15.71,6.07,6622.63,124.17,59.83,15.37,69.62,9.0,47.0,0.0,2.0,0.0,6.19,7.12,5.84
2025-04-15 22:15:00,0.0,0.0,0.0,0.0,0.0,10.43,15.42,6.66,5763.14,118.91,58.85,14.47,70.28,7.75,40.75,0.0,2.0,0.0,5.89,7.08,6.0
2025-04-15 22:30:00,0.0,0.0,0.0,0.0,0.0,8.68,15.14,7.27,5258.69,122.63,59.15,13.91,68.62,6.5,34.5,0.0,2.0,0.0,5.59,7.04,6.15
2025-04-15 22:45:00,0.0,0.0,0.0,0.0,0.0,7.12,14.86,7.92,4944.28,119.62,60.23,13.55,70.04,5.25,28.25,0.0,2.0,0.0,5.29,7.0,6.31
2025-04-15 23:00:00,0.0,0.0,0.0,0.0,0.0,5.72,14.59,8.6,4334.49,123.2,60.66,13.68,68.08,4.0,22.0,0.0,2.0,0.0,4.99,6.96,6.47
2025-04-15 23:15:00,0.0,0.0,0.0,0.0,0.0,4.71,13.65,7.37,4502.48,121.03,60.51,14.49,70.9,3.25,19.0,0.0,2.0,0.5,4.75,6.82,6.18
2025-04-15 23:30:00,0.0,0.0,0.0,0.0,0.0,3.81,12.75,6.26,4717.25,121.63,59.61,14.12,70.98,2.5,16.0,0.0,2.0,1.0,4.51,6.68,5.89
2025-04-15 23:45:00,0.0,0.0,0.0,0.0,0.0,2.99,11.89,5.24,4559.49,122.64,60.14,13.71,69.68,1.75,13.0,0.0,2.0,1.5,4.27,6.54,5.6
2025-04-16 00:00:00,0.0,0.0,0.0,0.0,0.0,2.26,11.06,4.33,4698.77,122.51,60.62,14.5,70.26,1.0,10.0,0.0,2.0,2.0,4.03,6.4,5.31
2025-04-16 00:15:00,0.0,0.0,0.0,0.0,0.0,2.74,10.93,3.96,4673.94,117.21,60.29,15.17,70.13,1.0,10.75,0.0,1.5,1.75,4.19,6.38,5.18
2025-04-16 00:30:00,0.0,0.0,0.0,0.0,0.0,3.25,10.8,3.6,4932.07,122.05,59.99,14.64,69.37,1.0,11.5,0.0,1.0,1.5,4.35,6.36,5.06
2025-04-16 00:45:00,0.0,0.0,0.0,0.0,0.0,3.81,10.67,3.27,4889.62,119.89,60.27,15.57,66.78,1.0,12.25,0.0,0.5,1.25,4.51,6.33,4.93
2025-04-16 01:00:00,0.0,0.0,0.0,0.0,0.0,4.4,10.55,2.95,4200.3,127.25,60.37,15.38,70.56,1.0,13.0,0.0,0.0,1.0,4.67,6.31,4.8
2025-04-16 01:15:00,0.0,0.0,0.0,0.0,0.0,4.03,10.21,3.17,4063.7,123.1,60.06,15.35,71.08,0.75,13.0,0.0,0.25,4.0,4.57,6.25,4.89
2025-04-16 01:30:00,0.0,0.0,0.0,0.0,0.0,3.68,9.88,3.4,3704.62,122.08,60.06,14.69,71.49,0.5,13.0,0.0,0.5,7.0,4.48,6.19,4.98
2025-04-16 01:45:00,0.0,0.0,0.0,0.0,0.0,3.34,9.56,3.64,3677.68,119.42,60.68,14.34,70.36,0.25,13.0,0.0,0.75,10.0,4.38,6.13,5.07
2025-04-16 02:00:00,0.0,0.0,0.0,0.0,0.0,3.02,9.25,3.89,3719.87,118.27,59.86,15.59,70.66,0.0,13.0,0.0,1.0,13.0,4.28,6.07,5.16
2025-04-16 02:15:00,0.0,0.0,0.0,0.0,0.0,4.31,8.99,3.03,4091.44,111.79,60.09,14.91,69.17,0.0,9.75,0.0,0.75,10.25,4.65,6.02,4.83
2025-04-16 02:30:00,0.0,0.0,0.0,0.0,0.0,5.83,8.74,2.27,4241.88,116.57,59.43,14.14,69.89,0.0,6.5,0.0,0.5,7.5,5.02,5.97,4.5
2025-04-16 02:45:00,0.0,0.0,0.0,0.0,0.0,7.58,8.49,1.62,4103.79,117.62,59.23,13.93,72.27,0.0,3.25,0.0,0.25,4.75,5.38,5.92,4.18
2025-04-16 03:00:00,0.0,0.0,0.0,0.0,0.0,9.59,8.24,1.06,3999.34,119.51,60.15,15.05,70.99,0.0,0.0,0.0,0.0,2.0,5.75,5.87,3.85
2025-04-16 03:15:00,0.0,0.0,0.0,0.0,0.0,8.76,6.86,1.18,4289.83,118.1,60.01,15.83,70.21,0.0,0.0,0.0,2.5,2.5,5.6,5.57,3.92
2025-04-16 03:30:00,0.0,0.0,0.0,0.0,0.0,7.98,5.61,1.3,4018.73,121.6,60.14,14.69,71.11,0.0,0.0,0.0,5.0,3.0,5.46,5.27,3.99
2025-04-16 03:45:00,0.0,0.0,0.0,0.0,0.0,7.24,4.5,1.42,3975.55,120.48,59.18,15.5,68.65,0.0,0.0,0.0,7.5,3.5,5.32,4.97,4.07
2025-04-16 04:00:00,0.0,0.0,0.0,0.0,0.0,6.54,3.52,1.55,8253.48,120.59,60.53,14.22,69.48,0.0,0.0,0.0,10.0,4.0,5.17,4.67,4.14
2025-04-16 04:15:00,0.0,0.0,0.0,0.0,0.0,6.03,2.52,1.57,3780.03,118.88,59.01,14.17,69.57,0.0,0.0,0.0,10.25,3.0,5.06,4.32,4.15
2025-04-16 04:30:00,0.0,0.0,0.0,0.0,0.0,5.54,1.66,1.59,3609.06,118.2,60.48,13.98,71.31,0.0,0.0,0.0,10.5,2.0,4.95,3.96,4.16
2025-04-16 04:45:00,0.0,0.0,0.0,0.0,0.0,5.08,0.95,1.61,3636.87,119.38,59.96,14.09,71.57,0.0,0.0,0.0,10.75,1.0,4.84,3.61,4.17
2025-04-16 05:00:00,0.0,0.0,0.0,0.0,0.0,4.63,0.36,1.62,3683.84,122.7,60.09,15.06,71.77,0.0,0.0,0.0,11.0,0.0,4.73,3.26,4.18
2025-04-16 05:15:00,0.0,0.0,0.0,0.0,0.0,4.17,1.65,2.13,3913.7,117.39,59.35,14.65,71.17,0.0,0.0,0.0,9.75,2.5,4.61,3.96,4.44
2025-04-16 05:30:00,0.3,0.24,0.12,0.19,0.1,3.73,3.49,2.7,3932.44,119.09,59.82,14.38,68.92,0.0,0.0,0.0,8.5,5.0,4.49,4.66,4.69
2025-04-16 05:45:00,0.45,0.36,0.18,0.28,0.15,3.32,5.97,3.33,3918.67,119.9,59.47,15.48,71.74,0.0,0.0,0.0,7.25,7.5,4.37,5.36,4.95
2025-04-16 06:00:00,0.6,0.48,0.24,0.38,0.2,2.93,9.2,4.04,4050.01,118.99,59.97,50.47,73.91,0.0,0.0,0.0,6.0,10.0,4.25,6.06,5.21
2025-04-16 06:15:00,4.29,3.41,2.4,2.21,1.25,3.14,7.15,3.49,4077.69,117.41,60.07,51.45,68.7,0.0,1.5,0.25,5.75,10.0,4.32,5.64,5.01
2025-04-16 06:30:00,7.98,6.34,4.56,4.04,2.3,3.37,5.38,2.99,4135.23,126.57,59.74,50.58,73.54,0.0,3.0,0.5,5.5,10.0,4.38,5.21,4.82
2025-04-16 06:45:00,11.64,9.26,6.71,5.86,3.34,3.6,3.88,2.52,4644.29,117.1,59.57,51.2,68.15,0.0,4.5,0.75,5.25,10.0,4.45,4.78,4.62
2025-04-16 07:00:00,15.29,12.19,8.85,7.67,4.38,3.84,2.63,2.09,4743.54,112.87,59.64,50.02,73.99,0.0,6.0,1.0,5.0,10.0,4.52,4.36,4.42
2025-04-16 07:15:00,22.02,17.71,13.18,11.08,6.44,3.43,2.23,2.13,4815.84,121.3,59.53,48.5,69.38,0.0,6.0,0.75,6.0,8.0,4.4,4.21,4.44
2025-04-16 07:30:00,28.71,23.22,17.49,14.47,8.49,3.04,1.87,2.17,4512.76,121.56,60.17,50.41,69.18,0.0,6.0,0.5,7.0,6.0,4.28,4.06,4.46
2025-04-16 07:45:00,35.37,28.67,21.78,17.85,10.53,2.67,1.53,2.2,4414.93,122.4,60.33,50.03,72.32,0.0,6.0,0.25,8.0,4.0,4.17,3.9,4.47
2025-04-16 08:00:00,42.0,34.08,26.04,21.22,12.56,2.32,1.21,2.24,4439.45,120.17,59.34,48.61,71.14,0.0,6.0,0.0,9.0,2.0,4.05,3.75,4.49
2025-04-16 08:15:00,48.66,39.66,30.51,24.65,14.87,1.91,1.31,2.3,4605.58,115.12,59.79,49.56,70.4,0.0,4.5,0.0,6.75,1.5,3.9,3.8,4.52
2025-04-16 08:30:00,55.29,45.21,34.95,28.08,17.17,1.53,1.4,2.36,4415.93,122.85,60.46,51.66,67.06,0.0,3.0,0.0,4.5,1.0,3.76,3.84,4.54
2025-04-16 08:45:00,61.89,50.74,39.36,31.48,19.46,1.17,1.5,2.42,4443.39,122.75,60.51,48.39,72.65,0.0,1.5,0.0,2.25,0.5,3.61,3.89,4.57
2025-04-16 09:00:00,68.45,56.25,43.75,34.88,21.74,0.85,1.61,2.48,4077.13,122.5,60.62,49.24,66.22,0.0,0.0,0.0,0.0,0.0,3.46,3.94,4.6
2025-04-16 09:15:00,74.01,60.7,47.46,37.89,23.55,0.49,1.7,2.39,3856.25,124.08,61.23,52.14,71.61,2.0,0.5,2.0,2.0,0.0,3.28,3.98,4.56
2025-04-16 09:30:00,79.55,65.14,51.15,40.89,25.35,0.16,1.8,2.29,3499.87,121.48,60.17,50.73,73.05,4.0,1.0,4.0,4.0,0.0,3.1,4.03,4.51
2025-04-16 09:45:00,85.06,69.57,54.82,43.87,27.15,0.0,1.9,2.2,3353.45,122.37,60.09,49.03,72.65,6.0,1.5,6.0,6.0,0.0,2.92,4.07,4.47
2025-04-16 10:00:00,90.56,73.98,58.46,46.84,28.93,0.0,2.0,2.11,3663.73,120.89,60.68,50.36,72.84,8.0,2.0,8.0,8.0,0.0,2.74,4.11,4.43
2025-04-16 10:15:00,93.45,76.8,60.55,48.42,30.13,0.0,2.09,1.91,3411.0,126.16,60.75,50.63,63.98,9.75,4.0,9.0,9.0,7.25,2.78,4.15,4.33
2025-04-16 10:30:00,96.33,79.62,62.63,49.99,31.32,0.0,2.19,1.72,3229.46,116.44,60.07,50.42,72.58,11.5,6.0,10.0,10.0,14.5,2.83,4.19,4.23
2025-04-16 10:45:00,99.21,82.43,64.7,51.55,32.51,0.0,2.29,1.53,3030.08,119.78,61.16,49.27,73.4,13.25,8.0,11.0,11.0,21.75,2.88,4.23,4.13
2025-04-16 11:00:00,102.07,85.23,66.76,53.11,33.7,0.0,2.39,1.36,2733.62,116.75,60.37,52.01,66.77,15.0,10.0,12.0,12.0,29.0,2.92,4.27,4.03
2025-04-16 11:15:00,103.51,86.18,67.68,53.82,32.95,0.04,2.3,1.24,2845.9,119.26,62.19,49.38,69.78,14.75,12.0,14.25,12.5,28.25,3.03,4.23,3.96
2025-04-16 11:30:00,104.95,87.14,68.59,54.53,32.21,0.22,2.2,1.12,2819.59,113.53,61.71,48.23,67.21,14.5,14.0,16.5,13.0,27.5,3.14,4.2,3.89
2025-04-16 11:45:00,106.38,88.09,69.5,55.24,31.47,0.42,2.11,1.01,2680.86,118.07,61.62,50.55,68.76,14.25,16.0,18.75,13.5,26.75,3.24,4.16,3.82
2025-04-16 12:00:00,107.81,89.04,70.41,55.94,30.73,0.62,2.02,0.91,2732.22,118.19,61.49,51.36,69.65,14.0,18.0,21.0,14.0,26.0,3.35,4.12,3.75
2025-04-16 12:15:00,106.67,87.94,69.35,55.62,31.26,0.67,1.4,0.72,2605.35,118.87,61.27,50.83,65.2,14.75,18.75,29.25,15.25,27.0,3.37,3.84,3.62
2025-04-16 12:30:00,105.54,86.83,68.28,55.3,31.79,0.71,0.86,0.54,2605.38,118.97,60.77,50.03,60.29,15.5,19.5,37.5,16.5,28.0,3.4,3.56,3.49
2025-04-16 12:45:00,104.41,85.73,67.22,54.97,32.32,0.76,0.4,0.38,2603.9,123.7,61.65,49.47,57.91,16.25,20.25,45.75,17.75,29.0,3.42,3.29,3.35
2025-04-16 13:00:00,103.28,84.63,66.16,54.65,32.85,0.81,0.01,0.23,2756.47,119.5,60.72,49.08,52.96,17.0,21.0,54.0,19.0,30.0,3.44,3.01,3.22
2025-04-16 13:15:00,99.62,81.73,63.35,53.15,31.54,0.83,0.0,0.25,2758.05,123.32,61.56,49.25,50.36,19.5,32.0,65.5,25.5,29.5,3.45,2.7,3.24
2025-04-16 13:30:00,95.96,78.83,60.53,51.65,30.24,0.85,0.0,0.28,2505.61,117.57,60.93,50.64,47.34,22.0,43.0,77.0,32.0,29.0,3.46,2.4,3.26
2025-04-16 13:45:00,92.3,75.94,57.71,50.15,28.93,0.87,0.0,0.3,2152.45,116.97,60.7,36.0,47.53,24.5,54.0,88.5,38.5,28.5,3.47,2.09,3.29
2025-04-16 14:00:00,88.64,73.04,54.9,48.65,27.63,0.89,0.0,0.33,1927.19,119.06,60.3,36.0,44.38,27.0,65.0,100.0,45.0,28.0,3.48,1.78,3.31
2025-04-16 14:15:00,84.03,67.41,47.44,45.71,26.96,1.25,0.0,1.09,2446.21,117.63,60.34,36.0,47.2,34.25,73.25,85.0,44.0,28.25,3.64,1.94,3.87
2025-04-16 14:30:00,79.4,61.77,39.98,42.76,26.28,1.64,0.0,2.11,2506.9,118.36,60.74,50.97,52.39,41.5,81.5,70.0,43.0,28.5,3.8,2.09,4.43
2025-04-16 14:45:00,74.77,56.15,32.5,39.82,25.61,2.06,0.0,3.43,2739.91,119.82,60.66,49.36,51.7,48.75,89.75,55.0,42.0,28.75,3.96,2.24,4.99
2025-04-16 15:00:00,70.13,50.52,25.02,36.87,24.94,2.52,0.0,5.08,3215.69,115.32,61.02,51.32,52.67,56.0,98.0,40.0,41.0,29.0,4.12,2.4,5.55
2025-04-16 15:15:00,64.35,46.82,25.8,33.77,22.93,2.63,0.0,4.82,3394.15,121.1,60.95,48.01,56.63,47.5,85.25,50.25,39.5,29.75,4.16,2.6,5.47
2025-04-16 15:30:00,58.55,43.12,26.58,30.67,20.92,2.74,0.0,4.57,3908.62,122.45,60.36,49.81,60.03,39.0,72.5,60.5,38.0,30.5,4.19,2.8,5.39
2025-04-16 15:45:00,52.75,39.41,27.37,27.56,18.91,2.85,0.0,4.33,4318.55,122.08,60.57,48.48,60.93,30.5,59.75,70.75,36.5,31.25,4.22,3.0,5.31
2025-04-16 16:00:00,46.95,35.7,28.16,24.45,16.9,2.96,0.27,4.09,4609.8,117.92,60.25,48.82,70.12,22.0,47.0,81.0,35.0,32.0,4.26,3.2,5.23
2025-04-16 16:15:00,42.25,32.01,25.6,21.89,15.06,6.04,4.25,4.08,4703.93,118.69,60.64,50.21,71.08,29.0,40.5,73.0,30.75,32.75,5.06,4.9,5.22
2025-04-16 16:30:00,37.55,28.31,23.03,19.33,13.22,10.27,12.22,4.06,4484.13,114.77,60.73,49.85,69.72,36.0,34.0,65.0,26.5,33.5,5.86,6.6,5.22
2025-04-16 16:45:00,32.85,24.6,20.44,16.76,11.38,15.84,25.55,4.05,4468.08,117.79,60.91,51.4,70.97,43.0,27.5,57.0,22.25,34.25,6.67,8.29,5.22
2025-04-16 17:00:00,28.16,20.89,17.84,14.19,9.53,22.92,45.62,4.04,4530.74,117.88,60.97,51.85,71.37,50.0,21.0,49.0,18.0,35.0,7.47,9.99,5.21
2025-04-16 17:15:00,22.85,17.11,14.99,11.64,7.81,24.89,39.31,5.77,6489.65,115.18,60.81,50.37,74.72,46.25,32.5,41.5,31.5,33.75,7.66,9.52,5.76
2025-04-16 17:30:00,17.53,13.27,12.14,9.08,6.08,26.96,33.59,7.87,4522.74,116.38,60.72,51.53,71.27,42.5,44.0,34.0,45.0,32.5,7.86,9.05,6.3
2025-04-16 17:45:00,12.19,9.39,9.3,6.5,4.34,29.14,28.44,10.36,5152.59,123.84,60.14,49.94,67.17,38.75,55.5,26.5,58.5,31.25,8.06,8.58,6.84
2025-04-16 18:00:00,6.84,5.45,6.46,3.92,2.6,31.42,23.82,13.28,5489.84,115.26,60.31,52.89,71.07,35.0,67.0,19.0,72.0,30.0,8.25,8.11,7.39
2025-04-16 18:15:00,5.14,4.1,4.86,2.94,1.95,30.56,25.36,13.69,6207.0,116.93,60.55,48.04,69.81,38.5,59.0,16.5,69.0,26.75,8.18,8.27,7.46
2025-04-16 18:30:00,3.43,2.73,3.25,1.97,1.3,29.71,26.96,14.11,6652.97,119.74,60.9,49.11,71.21,42.0,51.0,14.0,66.0,23.5,8.1,8.44,7.53
2025-04-16 18:45:00,1.72,1.37,1.63,0.99,0.65,28.88,28.62,14.53,7091.15,118.84,61.07,48.98,71.55,45.5,43.0,11.5,63.0,20.25,8.03,8.6,7.6
2025-04-16 19:00:00,0.0,0.0,0.0,0.0,0.0,28.06,30.35,14.96,7248.24,119.2,59.95,52.01,71.66,49.0,35.0,9.0,60.0,17.0,7.96,8.76,7.67
2025-04-16 19:15:00,0.0,0.0,0.0,0.0,0.0,29.48,30.73,15.63,7551.87,122.71,60.51,50.8,71.0,54.0,37.25,7.25,48.75,15.25,8.09,8.8,7.78
2025-04-16 19:30:00,0.0,0.0,0.0,0.0,0.0,30.95,31.11,16.31,7787.78,118.95,59.47,49.12,72.01,59.0,39.5,5.5,37.5,13.5,8.21,8.83,7.88
2025-04-16 19:45:00,0.0,0.0,0.0,0.0,0.0,32.45,31.5,17.01,8144.37,120.37,59.98,51.15,70.07,64.0,41.75,3.75,26.25,11.75,8.34,8.86,7.98
2025-04-16 20:00:00,0.0,0.0,0.0,0.0,0.0,34.01,31.89,17.72,8239.82,115.3,59.45,49.95,69.12,69.0,44.0,2.0,15.0,10.0,8.46,8.9,8.09
2025-04-16 20:15:00,0.0,0.0,0.0,0.0,0.0,32.55,30.13,17.02,8557.34,118.6,59.83,49.31,67.72,59.75,40.75,1.5,15.0,9.75,8.34,8.74,7.99
2025-04-16 20:30:00,0.0,0.0,0.0,0.0,0.0,31.12,28.44,16.34,8203.24,116.18,60.54,50.66,70.92,50.5,37.5,1.0,15.0,9.5,8.22,8.58,7.88
2025-04-16 20:45:00,0.0,0.0,0.0,0.0,0.0,29.74,26.81,15.67,7820.44,124.45,59.64,50.4,70.46,41.25,34.25,0.5,15.0,9.25,8.11,8.42,7.78
2025-04-16 21:00:00,0.0,0.0,0.0,0.0,0.0,28.4,25.24,15.03,7238.89,119.56,59.85,48.42,70.28,32.0,31.0,0.0,15.0,9.0,7.99,8.26,7.68
2025-04-16 21:15:00,0.0,0.0,0.0,0.0,0.0,27.12,22.99,15.25,7024.19,121.67,59.8,50.39,71.88,26.75,28.0,0.0,13.25,9.25,7.88,8.02,7.72
2025-04-16 21:30:00,0.0,0.0,0.0,0.0,0.0,25.88,20.88,15.47,6409.73,126.21,60.4,50.13,70.52,21.5,25.0,0.0,11.5,9.5,7.76,7.78,7.75
2025-04-16 21:45:00,0.0,0.0,0.0,0.0,0.0,24.68,18.89,15.69,5848.4,126.26,60.71,51.89,68.9,16.25,22.0,0.0,9.75,9.75,7.64,7.54,7.78
2025-04-16 22:00:00,0.0,0.0,0.0,0.0,0.0,23.51,17.03,15.92,5513.48,122.12,60.48,14.8,68.57,11.0,19.0,0.0,8.0,10.0,7.53,7.3,7.82
2025-04-16 22:15:00,0.0,0.0,0.0,0.0,0.0,25.67,16.89,16.14,5152.42,119.57,59.48,13.78,72.09,10.25,14.75,0.0,7.0,8.75,7.74,7.28,7.86
2025-04-16 22:30:00,0.0,0.0,0.0,0.0,0.0,27.95,16.76,16.37,4740.8,115.56,59.84,15.27,70.14,9.5,10.5,0.0,6.0,7.5,7.95,7.26,7.89
2025-04-16 22:45:00,0.0,0.0,0.0,0.0,0.0,30.35,16.63,16.6,4221.59,116.41,60.1,14.83,69.31,8.75,6.25,0.0,5.0,6.25,8.16,7.25,7.92
2025-04-16 23:00:00,0.0,0.0,0.0,0.0,0.0,32.89,16.5,16.84,3536.89,120.81,60.13,13.96,68.93,8.0,2.0,0.0,4.0,5.0,8.37,7.23,7.96
2025-04-16 23:15:00,0.0,0.0,0.0,0.0,0.0,29.42,16.93,15.31,3348.23,116.98,60.15,13.81,70.33,6.0,4.75,0.0,8.25,5.25,8.08,7.29,7.72
2025-04-16 23:30:00,0.0,0.0,0.0,0.0,0.0,26.2,17.37,13.87,3442.93,118.15,60.07,15.85,68.02,4.0,7.5,0.0,12.5,5.5,7.79,7.34,7.49
2025-04-16 23:45:00,0.0,0.0,0.0,0.0,0.0,23.21,17.81,12.52,3525.28,122.06,60.4,15.05,74.1,2.0,10.25,0.0,16.75,5.75,7.5,7.4,7.26
2025-04-17 00:00:00,0.0,0.0,0.0,0.0,0.0,20.45,18.26,11.25,3568.36,120.59,60.35,13.85,72.02,0.0,13.0,0.0,21.0,6.0,7.21,7.46,7.02
2025-04-17 00:15:00,0.0,0.0,0.0,0.0,0.0,18.4,17.04,11.17,3531.6,123.25,59.31,14.98,73.68,0.0,15.25,1.0,16.75,4.5,6.98,7.3,7.0
2025-04-17 00:30:00,0.0,0.0,0.0,0.0,0.0,16.49,15.89,11.09,3731.83,118.88,59.79,15.03,68.1,0.0,17.5,2.0,12.5,3.0,6.75,7.14,6.99
2025-04-17 00:45:00,0.0,0.0,0.0,0.0,0.0,14.71,14.78,11.02,3685.73,122.54,60.49,15.33,70.92,0.0,19.75,3.0,8.25,1.5,6.52,6.99,6.98
2025-04-17 01:00:00,0.0,0.0,0.0,0.0,0.0,13.04,13.71,10.94,3859.15,124.96,60.12,15.09,72.51,0.0,22.0,4.0,4.0,0.0,6.29,6.83,6.96
2025-04-17 01:15:00,0.0,0.0,0.0,0.0,0.0,13.57,13.24,10.34,3592.42,123.45,60.43,13.45,72.04,0.0,23.5,3.75,4.75,11.25,6.36,6.76,6.84
2025-04-17 01:30:00,0.0,0.0,0.0,0.0,0.0,14.11,12.78,9.75,3263.72,119.65,59.7,14.0,69.26,0.0,25.0,3.5,5.5,22.5,6.44,6.68,6.72
2025-04-17 01:45:00,0.0,0.0,0.0,0.0,0.0,14.67,12.33,9.19,3304.52,115.93,60.13,14.9,73.06,0.0,26.5,3.25,6.25,33.75,6.52,6.61,6.6
2025-04-17 02:00:00,0.0,0.0,0.0,0.0,0.0,15.24,11.89,8.65,3421.3,121.18,60.69,15.09,71.48,0.0,28.0,3.0,7.0,45.0,6.59,6.54,6.48
2025-04-17 02:15:00,0.0,0.0,0.0,0.0,0.0,16.37,11.99,7.69,3763.04,114.29,59.74,14.0,75.68,0.0,26.75,2.75,7.0,50.75,6.74,6.56,6.26
2025-04-17 02:30:00,0.0,0.0,0.0,0.0,0.0,17.56,12.1,6.8,4091.83,114.47,59.72,14.64,68.81,0.0,25.5,2.5,7.0,56.5,6.88,6.58,6.04
2025-04-17 02:45:00,0.0,0.0,0.0,0.0,0.0,18.79,12.21,5.97,4208.44,121.49,60.73,14.26,69.27,0.0,24.25,2.25,7.0,62.25,7.02,6.59,5.81
2025-04-17 03:00:00,0.0,0.0,0.0,0.0,0.0,20.08,12.31,5.21,4476.73,119.17,59.34,13.9,68.42,0.0,23.0,2.0,7.0,68.0,7.17,6.61,5.59
2025-04-17 03:15:00,0.0,0.0,0.0,0.0,0.0,19.52,11.6,5.0,4481.34,122.64,60.69,13.38,71.23,0.0,17.25,3.5,5.75,52.0,7.11,6.49,5.53
2025-04-17 03:30:00,0.0,0.0,0.0,0.0,0.0,18.97,10.92,4.8,4680.98,123.05,59.97,14.69,71.37,0.0,11.5,5.0,4.5,36.0,7.04,6.38,5.46
2025-04-17 03:45:00,0.0,0.0,0.0,0.0,0.0,18.43,10.25,4.61,4758.63,123.76,59.58,13.46,72.44,0.0,5.75,6.5,3.25,20.0,6.98,6.26,5.4
2025-04-17 04:00:00,0.0,0.0,0.0,0.0,0.0,17.89,9.62,4.42,4787.09,125.01,59.87,14.44,69.95,0.0,0.0,8.0,2.0,4.0,6.92,6.14,5.34
2025-04-17 04:15:00,0.0,0.0,0.0,0.0,0.0,16.63,8.9,4.27,4516.45,120.06,60.75,15.95,68.36,0.0,2.5,6.0,1.5,3.0,6.77,6.0,5.29
2025-04-17 04:30:00,0.0,0.0,0.0,0.0,0.0,15.43,8.22,4.12,4665.77,118.85,60.13,13.8,70.32,0.0,5.0,4.0,1.0,2.0,6.62,5.86,5.24
2025-04-17 04:45:00,0.0,0.0,0.0,0.0,0.0,14.28,7.57,3.98,4845.86,115.26,59.75,14.97,69.2,0.0,7.5,2.0,0.5,1.0,6.46,5.73,5.19
2025-04-17 05:00:00,0.0,0.0,0.0,0.0,0.0,13.18,6.95,3.84,4743.83,118.91,60.47,14.09,68.74,0.0,10.0,0.0,0.0,0.0,6.31,5.59,5.14
2025-04-17 05:15:00,0.0,0.0,0.0,0.0,0.0,10.3,6.61,4.01,4194.63,119.3,60.27,15.18,73.9,0.0,28.75,1.25,0.0,8.0,5.87,5.51,5.2
2025-04-17 05:30:00,0.3,0.1,0.12,0.19,0.1,7.82,6.28,4.18,4038.97,117.3,60.67,15.07,70.0,0.0,47.5,2.5,0.0,16.0,5.43,5.44,5.26
2025-04-17 05:45:00,0.45,0.14,0.18,0.29,0.15,5.72,5.96,4.36,4161.21,121.7,59.04,13.65,66.95,0.0,66.25,3.75,0.0,24.0,4.99,5.36,5.32
2025-04-17 06:00:00,0.6,0.19,0.24,0.38,0.2,3.95,5.65,4.54,4231.75,124.81,60.37,51.72,68.64,0.0,85.0,5.0,0.0,32.0,4.55,5.28,5.38
2025-04-17 06:15:00,4.35,1.66,2.36,2.3,1.25,3.81,5.66,4.46,4336.7,123.46,59.62,50.45,70.57,4.25,66.25,4.25,0.0,34.25,4.51,5.28,5.36
2025-04-17 06:30:00,8.09,3.12,4.48,4.21,2.29,3.66,5.67,4.39,4514.46,123.25,59.72,51.38,69.11,8.5,47.5,3.5,0.0,36.5,4.47,5.28,5.33
2025-04-17 06:45:00,11.81,4.58,6.59,6.12,3.34,3.52,5.68,4.31,4613.07,121.87,59.91,52.38,73.33,12.75,28.75,2.75,0.0,38.75,4.43,5.29,5.3
2025-04-17 07:00:00,15.52,6.05,8.7,8.02,4.38,3.39,5.69,4.24,4949.9,118.92,59.36,48.84,70.43,17.0,10.0,2.0,0.0,41.0,4.39,5.29,5.28
2025-04-17 07:15:00,22.18,13.01,13.04,11.42,6.26,3.45,5.14,3.99,5072.62,113.97,59.97,50.4,67.49,18.0,7.5,1.5,0.5,31.5,4.41,5.15,5.2
2025-04-17 07:30:00,28.8,19.97,17.37,14.82,8.12,3.52,4.63,3.75,5255.58,117.95,60.9,50.47,67.5,19.0,5.0,1.0,1.0,22.0,4.43,5.0,5.11
2025-04-17 07:45:00,35.38,26.9,21.67,18.19,9.98,3.59,4.14,3.52,5142.2,115.58,59.89,50.78,67.89,20.0,2.5,0.5,1.5,12.5,4.45,4.86,5.03
2025-04-17 08:00:00,41.94,33.77,25.96,21.56,11.84,3.66,3.68,3.3,5085.4,114.62,59.91,50.78,70.17,21.0,0.0,0.0,2.0,3.0,4.47,4.72,4.94
2025-04-17 08:15:00,48.63,39.29,30.51,24.98,14.26,3.92,3.24,3.36,4960.24,114.19,59.89,49.43,70.11,22.0,1.25,0.0,1.75,2.25,4.54,4.58,4.96
2025-04-17 08:30:00,55.29,44.8,35.03,28.39,16.68,4.19,2.83,3.42,4531.08,118.73,59.78,51.86,67.96,23.0,2.5,0.0,1.5,1.5,4.62,4.43,4.99
2025-04-17 08:45:00,61.91,50.27,39.53,31.78,19.08,4.47,2.45,3.48,4134.59,117.53,60.19,51.23,70.51,24.0,3.75,0.0,1.25,0.75,4.69,4.29,5.01
2025-04-17 09:00:00,68.49,55.73,44.01,35.15,21.47,4.75,2.09,3.54,4206.5,119.56,60.64,51.14,67.02,25.0,5.0,0.0,1.0,0.0,4.76,4.15,5.03
2025-04-17 09:15:00,74.06,60.21,47.73,38.03,23.31,4.37,1.84,3.06,3762.18,119.38,60.58,48.75,73.75,28.0,5.0,0.0,1.25,0.0,4.66,4.04,4.85
2025-04-17 09:30:00,79.6,64.68,51.43,40.9,25.14,4.01,1.61,2.62,3612.12,118.35,59.75,52.65,67.68,31.0,5.0,0.0,1.5,0.0,4.57,3.94,4.66
2025-04-17 09:45:00,85.12,69.13,55.12,43.75,26.95,3.65,1.38,2.21,3589.14,126.61,60.06,50.15,69.18,34.0,5.0,0.0,1.75,0.0,4.47,3.84,4.48
2025-04-17 10:00:00,90.61,73.57,58.78,46.59,28.76,3.32,1.17,1.83,3691.97,122.69,60.39,50.01,70.03,37.0,5.0,0.0,2.0,0.0,4.37,3.73,4.29
2025-04-17 10:15:00,93.94,76.16,61.36,48.53,30.0,2.64,0.86,1.56,3557.96,122.65,59.63,47.85,71.01,37.25,6.5,0.25,2.75,4.25,4.16,3.56,4.15
2025-04-17 10:30:00,97.26,78.74,63.93,50.46,31.24,2.02,0.58,1.31,3229.57,120.76,60.23,49.45,71.19,37.5,8.0,0.5,3.5,8.5,3.94,3.4,4.0
2025-04-17 10:45:00,100.58,81.31,66.49,52.38,32.47,1.47,0.32,1.08,3393.45,119.34,60.85,49.58,73.16,37.75,9.5,0.75,4.25,12.75,3.73,3.24,3.86
2025-04-17 11:00:00,103.88,83.87,69.03,54.3,33.69,0.98,0.09,0.86,3311.58,121.78,60.53,48.72,71.82,38.0,11.0,1.0,5.0,17.0,3.52,3.07,3.72
2025-04-17 11:15:00,102.99,84.29,70.26,55.02,33.77,0.45,0.0,0.81,3053.64,119.5,61.12,48.15,69.72,34.0,14.5,7.0,6.25,20.5,3.26,2.81,3.68
2025-04-17 11:30:00,102.1,84.72,71.49,55.74,33.84,0.01,0.0,0.76,2878.66,118.74,61.05,50.29,71.45,30.0,18.0,13.0,7.5,24.0,3.0,2.55,3.64
2025-04-17 11:45:00,101.21,85.14,72.71,56.46,33.92,0.0,0.0,0.7,2838.41,119.73,61.25,50.62,71.93,26.0,21.5,19.0,8.75,27.5,2.75,2.3,3.61
2025-04-17 12:00:00,100.32,85.55,73.92,57.18,33.99,0.0,0.0,0.65,2807.37,112.53,60.91,49.19,67.55,22.0,25.0,25.0,10.0,31.0,2.49,2.04,3.57
2025-04-17 12:15:00,101.04,84.61,70.75,56.7,33.31,0.0,0.0,0.38,2874.32,123.98,60.68,49.66,65.73,22.5,24.75,23.75,15.75,30.75,2.33,1.75,3.36
2025-04-17 12:30:00,101.76,83.66,67.59,56.22,32.63,0.0,0.0,0.14,2661.62,121.6,60.8,50.71,59.68,23.0,24.5,22.5,21.5,30.5,2.17,1.46,3.14
2025-04-17 12:45:00,102.47,82.72,64.43,55.74,31.96,0.0,0.0,0.0,2712.72,123.79,61.26,52.1,53.42,23.5,24.25,21.25,27.25,30.25,2.01,1.18,2.92
2025-04-17 13:00:00,103.19,81.78,61.28,55.27,31.28,0.0,0.0,0.0,2811.51,121.31,60.15,50.81,48.96,24.0,24.0,20.0,33.0,30.0,1.85,0.89,2.71
2025-04-17 13:15:00,100.44,79.31,61.4,52.6,31.08,0.0,0.0,0.0,2626.37,122.34,61.61,50.31,52.24,23.75,23.75,19.25,29.75,24.25,1.72,0.76,2.58
2025-04-17 13:30:00,97.69,76.84,61.52,49.94,30.88,0.0,0.0,0.0,2485.09,119.07,61.5,48.6,47.52,23.5,23.5,18.5,26.5,18.5,1.6,0.62,2.46
2025-04-17 13:45:00,94.94,74.37,61.64,47.29,30.67,0.0,0.0,0.0,2935.13,119.82,61.86,36.0,45.99,23.25,23.25,17.75,23.25,12.75,1.48,0.49,2.33
2025-04-17 14:00:00,92.19,71.9,61.75,44.63,30.47,0.0,0.0,0.0,2998.33,122.14,61.19,36.0,44.52,23.0,23.0,17.0,20.0,7.0,1.35,0.35,2.2
2025-04-17 14:15:00,88.33,69.46,59.05,42.67,29.4,0.0,0.0,0.0,3144.65,120.7,62.47,36.0,49.97,23.5,24.0,21.0,22.75,6.25,1.29,0.51,2.04
2025-04-17 14:30:00,84.47,67.02,56.35,40.71,28.33,0.0,0.0,0.0,3496.96,121.26,61.54,49.42,47.68,24.0,25.0,25.0,25.5,5.5,1.23,0.66,1.88
2025-04-17 14:45:00,80.61,64.58,53.64,38.75,27.26,0.0,0.0,0.0,3578.75,121.65,61.56,50.26,51.97,24.5,26.0,29.0,28.25,4.75,1.16,0.82,1.71
2025-04-17 15:00:00,76.75,62.14,50.94,36.79,26.19,0.0,0.0,0.0,3898.87,120.19,61.13,49.49,54.23,25.0,27.0,33.0,31.0,4.0,1.1,0.98,1.55
2025-04-17 15:15:00,71.05,57.49,46.87,34.18,24.12,0.0,0.0,0.0,4248.55,118.21,61.36,49.51,59.21,24.0,26.75,31.25,31.25,10.25,1.14,1.03,1.51
2025-04-17 15:30:00,65.35,52.83,42.8,31.56,22.06,0.0,0.0,0.0,4371.36,124.78,60.09,48.65,60.15,23.0,26.5,29.5,31.5,16.5,1.18,1.08,1.48
2025-04-17 15:45:00,59.65,48.17,38.72,28.95,19.99,0.0,0.0,0.0,4370.75,121.61,61.06,48.38,65.71,22.0,26.25,27.75,31.75,22.75,1.22,1.14,1.44
2025-04-17 16:00:00,53.94,43.51,34.63,26.33,17.92,0.0,0.0,0.0,4767.6,122.81,61.01,50.17,73.11,21.0,26.0,26.0,32.0,29.0,1.26,1.19,1.4
2025-04-17 16:15:00,47.67,38.85,30.84,23.34,15.9,0.0,0.0,0.0,4436.97,121.01,61.85,49.66,69.45,22.5,29.25,28.0,32.5,27.5,1.52,1.24,1.63
2025-04-17 16:30:00,41.39,34.18,27.04,20.36,13.88,0.0,0.0,0.0,4488.42,118.47,61.62,52.16,70.45,24.0,32.5,30.0,33.0,26.0,1.78,1.28,1.86
2025-04-17 16:45:00,35.1,29.51,23.23,17.37,11.86,0.0,0.0,0.0,4682.09,116.71,62.04,49.5,70.59,25.5,35.75,32.0,33.5,24.5,2.04,1.33,2.09
2025-04-17 17:00:00,28.81,24.82,19.41,14.37,9.83,0.0,0.0,0.0,4650.29,120.09,60.08,50.85,71.8,27.0,39.0,34.0,34.0,23.0,2.3,1.37,2.32
2025-04-17 17:15:00,23.35,20.32,16.04,11.79,8.07,0.0,0.0,0.3,4545.04,120.62,60.61,51.02,71.03,28.0,33.0,29.75,31.25,24.0,2.78,2.24,3.29
2025-04-17 17:30:00,17.86,15.8,12.66,9.2,6.3,0.44,0.14,1.77,4307.68,113.83,59.99,49.71,69.3,29.0,27.0,25.5,28.5,25.0,3.26,3.1,4.26
2025-04-17 17:45:00,12.36,11.25,9.26,6.6,4.52,1.47,1.68,4.09,4432.25,120.98,60.56,49.56,71.59,30.0,21.0,21.25,25.75,26.0,3.73,3.97,5.23
2025-04-17 18:00:00,6.83,6.69,5.84,3.98,2.72,2.8,4.06,7.45,5067.84,114.37,59.64,49.13,70.08,31.0,15.0,17.0,23.0,27.0,4.21,4.84,6.2
2025-04-17 18:15:00,5.13,5.02,4.39,2.99,2.05,5.08,3.38,8.14,5590.72,119.7,60.24,51.41,68.46,29.25,14.75,16.5,22.25,20.5,4.84,4.62,6.36
2025-04-17 18:30:00,3.43,3.36,2.93,2.0,1.37,8.03,2.76,8.87,6170.35,122.81,60.07,51.08,68.82,27.5,14.5,16.0,21.5,14.0,5.47,4.41,6.53
2025-04-17 18:45:00,1.72,1.68,1.47,1.0,0.68,11.76,2.2,9.63,7039.75,118.83,60.3,48.58,72.04,25.75,14.25,15.5,20.75,7.5,6.1,4.2,6.7
2025-04-17 19:00:00,0.0,0.0,0.0,0.0,0.0,16.33,1.7,10.43,7625.15,125.97,60.61,54.37,70.25,24.0,14.0,15.0,20.0,1.0,6.73,3.98,6.86
2025-04-17 19:15:00,0.0,0.0,0.0,0.0,0.0,19.41,4.97,12.25,7846.42,121.67,59.54,51.65,67.26,19.5,15.0,13.25,18.0,3.0,7.1,5.1,7.21
2025-04-17 19:30:00,0.0,0.0,0.0,0.0,0.0,22.82,10.05,14.26,8088.38,116.7,60.43,49.37,67.55,15.0,16.0,11.5,16.0,5.0,7.46,6.22,7.56
2025-04-17 19:45:00,0.0,0.0,0.0,0.0,0.0,26.58,17.33,16.46,8391.07,121.59,59.9,50.48,69.03,10.5,17.0,9.75,14.0,7.0,7.82,7.34,7.9
2025-04-17 20:00:00,0.0,0.0,0.0,0.0,0.0,30.71,27.21,18.85,8508.03,122.38,59.03,50.64,70.91,6.0,18.0,8.0,12.0,9.0,8.19,8.46,8.25
2025-04-17 20:15:00,0.0,0.0,0.0,0.0,0.0,24.35,29.17,17.21,8808.23,118.27,59.51,50.61,69.32,5.75,14.5,6.25,10.75,6.75,7.61,8.65,8.02
2025-04-17 20:30:00,0.0,0.0,0.0,0.0,0.0,18.88,31.22,15.66,8918.38,121.49,59.75,50.35,69.36,5.5,11.0,4.5,9.5,4.5,7.04,8.84,7.78
2025-04-17 20:45:00,0.0,0.0,0.0,0.0,0.0,14.24,33.36,14.2,8627.37,119.51,60.34,50.42,71.75,5.25,7.5,2.75,8.25,2.25,6.46,9.03,7.54
2025-04-17 21:00:00,0.0,0.0,0.0,0.0,0.0,10.36,35.59,12.83,8462.96,115.97,60.3,51.67,69.14,5.0,4.0,1.0,7.0,0.0,5.88,9.22,7.31
2025-04-17 21:15:00,0.0,0.0,0.0,0.0,0.0,12.25,33.04,13.68,8382.45,121.65,60.38,50.27,70.05,4.0,3.5,0.75,6.5,0.0,6.18,9.0,7.46
2025-04-17 21:30:00,0.0,0.0,0.0,0.0,0.0,14.34,30.62,14.56,7935.0,123.63,59.4,50.89,69.85,3.0,3.0,0.5,6.0,0.0,6.47,8.78,7.6
2025-04-17 21:45:00,0.0,0.0,0.0,0.0,0.0,16.61,28.31,15.48,7379.67,115.42,59.87,49.6,69.07,2.0,2.5,0.25,5.5,0.0,6.76,8.57,7.75
2025-04-17 22:00:00,0.0,0.0,0.0,0.0,0.0,19.1,26.11,16.44,6962.38,118.33,60.31,14.24,67.35,1.0,2.0,0.0,5.0,0.0,7.06,8.35,7.9
2025-04-17 22:15:00,0.0,0.0,0.0,0.0,0.0,19.21,25.28,16.01,6189.24,122.84,60.14,12.7,67.36,1.25,6.75,0.0,5.25,0.0,7.07,8.26,7.84
2025-04-17 22:30:00,0.0,0.0,0.0,0.0,0.0,19.32,24.47,15.59,5560.43,124.62,60.02,14.16,68.96,1.5,11.5,0.0,5.5,0.0,7.08,8.18,7.77
2025-04-17 22:45:00,0.0,0.0,0.0,0.0,0.0,19.43,23.68,15.18,4714.61,125.18,60.75,12.58,73.44,1.75,16.25,0.0,5.75,0.0,7.1,8.09,7.7
2025-04-17 23:00:00,0.0,0.0,0.0,0.0,0.0,19.54,22.9,14.78,4343.9,122.91,59.77,12.65,71.05,2.0,21.0,0.0,6.0,0.0,7.11,8.01,7.64
2025-04-17 23:15:00,0.0,0.0,0.0,0.0,0.0,21.47,21.18,13.69,4531.58,120.16,59.72,14.53,71.42,3.75,23.5,0.0,4.75,0.0,7.32,7.82,7.46
2025-04-17 23:30:00,0.0,0.0,0.0,0.0,0.0,23.51,19.54,12.66,4464.61,120.63,59.85,14.19,65.86,5.5,26.0,0.0,3.5,0.0,7.53,7.62,7.28
2025-04-17 23:45:00,0.0,0.0,0.0,0.0,0.0,25.67,17.98,11.67,4628.58,123.0,59.63,15.38,67.7,7.25,28.5,0.0,2.25,0.0,7.74,7.43,7.1
2025-04-18 00:00:00,0.0,0.0,0.0,0.0,0.0,27.95,16.5,10.74,4727.52,119.51,59.58,13.63,72.42,9.0,31.0,0.0,1.0,0.0,7.95,7.23,6.92
2025-04-18 00:15:00,0.0,0.0,0.0,0.0,0.0,26.45,16.19,10.22,4372.51,120.94,60.06,15.63,70.17,6.75,23.75,0.0,1.75,0.0,7.81,7.19,6.82
2025-04-18 00:30:00,0.0,0.0,0.0,0.0,0.0,24.99,15.89,9.73,4459.81,122.78,59.42,14.39,71.09,4.5,16.5,0.0,2.5,0.0,7.68,7.14,6.72
2025-04-18 00:45:00,0.0,0.0,0.0,0.0,0.0,23.59,15.58,9.25,4420.16,118.49,59.59,13.36,71.24,2.25,9.25,0.0,3.25,0.0,7.54,7.1,6.61
2025-04-18 01:00:00,0.0,0.0,0.0,0.0,0.0,22.24,15.28,8.78,4555.61,124.29,60.41,14.85,68.06,0.0,2.0,0.0,4.0,0.0,7.4,7.06,6.51
2025-04-18 01:15:00,0.0,0.0,0.0,0.0,0.0,22.02,13.73,7.74,4400.07,121.03,59.77,14.86,70.28,0.0,1.5,0.0,3.0,0.0,7.38,6.83,6.27
2025-04-18 01:30:00,0.0,0.0,0.0,0.0,0.0,21.8,12.28,6.78,4402.23,121.43,59.6,15.36,70.32,0.0,1.0,0.0,2.0,0.0,7.36,6.6,6.03
2025-04-18 01:45:00,0.0,0.0,0.0,0.0,0.0,21.59,10.93,5.89,4644.85,123.35,60.1,14.07,68.32,0.0,0.5,0.0,1.0,0.0,7.33,6.38,5.79
2025-04-18 02:00:00,0.0,0.0,0.0,0.0,0.0,21.38,9.67,5.08,4520.07,116.72,59.98,14.31,70.13,0.0,0.0,0.0,0.0,0.0,7.31,6.15,5.55
2025-04-18 02:15:00,0.0,0.0,0.0,0.0,0.0,19.79,8.93,4.58,4162.96,113.78,59.61,14.28,67.19,0.0,0.25,0.0,0.0,0.0,7.14,6.01,5.39
2025-04-18 02:30:00,0.0,0.0,0.0,0.0,0.0,18.28,8.22,4.11,4180.81,116.11,61.13,13.77,70.63,0.0,0.5,0.0,0.0,0.0,6.96,5.86,5.24
2025-04-18 02:45:00,0.0,0.0,0.0,0.0,0.0,16.84,7.54,3.67,4133.58,120.92,59.57,15.4,67.8,0.0,0.75,0.0,0.0,0.0,6.79,5.72,5.08
2025-04-18 03:00:00,0.0,0.0,0.0,0.0,0.0,15.47,6.9,3.25,4292.09,122.77,59.85,15.51,65.66,0.0,1.0,0.0,0.0,0.0,6.62,5.58,4.92
2025-04-18 03:15:00,0.0,0.0,0.0,0.0,0.0,14.86,6.76,3.48,4133.46,117.8,59.7,13.72,68.9,0.0,0.75,0.0,0.0,0.0,6.54,5.55,5.01
2025-04-18 03:30:00,0.0,0.0,0.0,0.0,0.0,14.26,6.62,3.71,4033.05,116.58,60.65,15.48,70.3,0.0,0.5,0.0,0.0,0.0,6.46,5.52,5.1
2025-04-18 03:45:00,0.0,0.0,0.0,0.0,0.0,13.68,6.48,3.96,4147.4,116.84,59.52,14.65,71.07,0.0,0.25,0.0,0.0,0.0,6.38,5.48,5.18
2025-04-18 04:00:00,0.0,0.0,0.0,0.0,0.0,13.11,6.34,4.21,4529.81,123.64,59.42,14.96,64.51,0.0,0.0,0.0,0.0,0.0,6.3,5.45,5.27
2025-04-18 04:15:00,0.0,0.0,0.0,0.0,0.0,12.78,6.51,4.31,4416.74,115.03,60.58,14.73,70.18,0.0,0.0,0.0,0.0,0.0,6.25,5.49,5.3
2025-04-18 04:30:00,0.0,0.0,0.0,0.0,0.0,12.46,6.68,4.42,4582.47,124.67,59.77,16.06,68.57,0.0,0.0,0.0,0.0,0.0,6.2,5.53,5.34
2025-04-18 04:45:00,0.0,0.0,0.0,0.0,0.0,12.14,6.86,4.53,4545.43,120.87,59.65,16.09,74.1,0.0,0.0,0.0,0.0,0.0,6.16,5.57,5.38
2025-04-18 05:00:00,0.0,0.0,0.0,0.0,0.0,11.82,7.03,4.63,4739.56,119.18,60.09,15.95,68.82,0.0,0.0,0.0,0.0,0.0,6.11,5.61,5.41
2025-04-18 05:15:00,0.0,0.0,0.0,0.0,0.0,12.17,8.86,4.34,4494.49,120.86,60.56,14.79,69.7,0.0,0.0,0.0,0.0,0.0,6.16,6.0,5.32
2025-04-18 05:30:00,0.36,0.24,0.16,0.22,0.12,12.53,10.94,4.06,4571.59,119.54,59.72,14.21,71.16,0.0,0.0,0.0,0.0,0.0,6.22,6.38,5.22
2025-04-18 05:45:00,0.54,0.36,0.24,0.33,0.18,12.89,13.29,3.8,4653.4,119.74,59.49,14.23,70.05,0.0,0.0,0.0,0.0,0.0,6.27,6.76,5.12
2025-04-18 06:00:00,0.72,0.48,0.32,0.44,0.24,13.25,15.92,3.54,4242.0,119.3,59.3,50.22,70.65,0.0,0.0,0.0,0.0,0.0,6.32,7.15,5.03
2025-04-18 06:15:00,4.41,3.46,2.5,2.37,1.39,13.48,12.48,3.11,4445.91,118.31,59.95,50.2,70.94,0.0,0.0,0.0,0.0,0.0,6.35,6.64,4.86
2025-04-18 06:30:00,8.1,6.43,4.67,4.29,2.54,13.72,9.54,2.71,4831.34,124.55,60.21,50.74,66.14,0.0,0.0,0.0,0.0,0.0,6.38,6.12,4.7
2025-04-18 06:45:00,11.77,9.41,6.84,6.2,3.69,13.95,7.05,2.34,5146.78,121.48,60.58,50.26,69.02,0.0,0.0,0.0,0.0,0.0,6.42,5.61,4.54
2025-04-18 07:00:00,15.44,12.38,9.0,8.11,4.83,14.19,4.97,1.99,5060.13,119.0,60.34,52.2,71.39,0.0,0.0,0.0,0.0,0.0,6.45,5.1,4.37
2025-04-18 07:15:00,22.09,17.93,13.31,11.53,6.94,12.8,4.18,2.03,4927.4,123.58,60.41,48.36,71.48,0.0,0.0,0.0,0.0,0.0,6.26,4.88,4.39
2025-04-18 07:30:00,28.71,23.47,17.59,14.94,9.04,11.5,3.46,2.06,5243.85,118.4,59.79,50.53,69.9,0.0,0.0,0.0,0.0,0.0,6.06,4.65,4.4
2025-04-18 07:45:00,35.3,29.0,21.86,18.33,11.13,10.27,2.81,2.1,5256.36,120.55,60.06,52.12,69.3,0.0,0.0,0.0,0.0,0.0,5.86,4.42,4.42
2025-04-18 08:00:00,41.87,34.48,26.1,21.71,13.21,9.13,2.21,2.14,5230.81,121.33,60.34,50.47,71.31,0.0,0.0,0.0,0.0,0.0,5.67,4.2,4.44
2025-04-18 08:15:00,48.6,39.9,30.52,25.14,15.34,7.81,2.13,2.02,5304.51,116.38,60.54,52.51,71.48,0.0,0.0,0.0,0.0,0.0,5.43,4.17,4.38
2025-04-18 08:30:00,55.29,45.3,34.91,28.55,17.47,6.61,2.06,1.9,5158.05,120.64,60.6,51.67,69.1,0.0,0.0,0.0,0.0,0.0,5.18,4.14,4.32
2025-04-18 08:45:00,61.94,50.68,39.28,31.94,19.58,5.51,1.98,1.79,5166.02,126.0,60.36,49.0,70.09,0.0,0.0,0.0,0.0,0.0,4.94,4.1,4.27
2025-04-18 09:00:00,68.57,56.03,43.62,35.32,21.69,4.52,1.9,1.68,4889.58,120.37,59.29,48.29,69.02,0.0,0.0,0.0,0.0,0.0,4.7,4.07,4.21
2025-04-18 09:15:00,74.13,60.39,47.3,38.13,23.46,3.81,1.74,1.44,4641.84,120.17,59.83,51.3,70.94,0.75,2.5,0.5,0.75,0.0,4.51,4.0,4.08
2025-04-18 09:30:00,79.67,64.73,50.97,40.93,25.22,3.17,1.58,1.22,4376.17,121.78,59.83,49.02,70.47,1.5,5.0,1.0,1.5,0.0,4.32,3.93,3.95
2025-04-18 09:45:00,85.19,69.06,54.61,43.71,26.97,2.58,1.44,1.01,4346.12,120.87,60.11,49.65,68.57,2.25,7.5,1.5,2.25,0.0,4.14,3.86,3.82
2025-04-18 10:00:00,90.68,73.37,58.23,46.48,28.72,2.04,1.29,0.82,4599.62,122.23,61.74,50.34,70.47,3.0,10.0,2.0,3.0,0.0,3.95,3.79,3.69
2025-04-18 10:15:00,93.93,75.73,60.68,48.27,29.85,1.7,0.9,0.66,4418.12,122.39,61.37,51.28,72.98,5.5,10.0,3.5,4.25,2.0,3.82,3.58,3.58
2025-04-18 10:30:00,97.18,78.09,63.11,50.05,30.98,1.39,0.55,0.52,3955.9,119.24,61.07,51.78,69.62,8.0,10.0,5.0,5.5,4.0,3.7,3.38,3.46
2025-04-18 10:45:00,100.42,80.43,65.54,51.83,32.11,1.1,0.24,0.38,3489.07,118.52,60.98,50.17,67.66,10.5,10.0,6.5,6.75,6.0,3.58,3.18,3.35
2025-04-18 11:00:00,103.65,82.77,67.95,53.6,33.23,0.83,0.0,0.25,3373.46,111.83,60.53,50.39,71.04,13.0,10.0,8.0,8.0,8.0,3.45,2.97,3.24
2025-04-18 11:15:00,103.96,83.41,68.67,54.12,33.51,0.69,0.0,0.21,3035.93,123.6,61.27,48.52,71.09,13.5,11.5,16.25,12.0,12.5,3.38,2.8,3.2
2025-04-18 11:30:00,104.28,84.05,69.38,54.64,33.8,0.56,0.0,0.17,2795.11,118.26,61.74,49.72,69.82,14.0,13.0,24.5,16.0,17.0,3.32,2.64,3.16
2025-04-18 11:45:00,104.59,84.69,70.08,55.16,34.08,0.44,0.0,0.13,2614.91,123.16,61.53,48.43,71.53,14.5,14.5,32.75,20.0,21.5,3.26,2.48,3.13
2025-04-18 12:00:00,104.9,85.32,70.79,55.68,34.36,0.32,0.0,0.09,2571.27,122.59,60.63,50.88,71.09,15.0,16.0,41.0,24.0,26.0,3.19,2.31,3.09
2025-04-18 12:15:00,104.03,84.84,68.23,54.17,33.96,0.29,0.0,0.0,2556.91,117.93,60.85,51.04,64.08,16.5,17.25,37.75,26.5,27.5,3.17,2.14,2.88
2025-04-18 12:30:00,103.16,84.36,65.66,52.66,33.57,0.25,0.0,0.0,2273.21,118.57,60.36,48.35,61.14,18.0,18.5,34.5,29.0,29.0,3.15,1.98,2.68
2025-04-18 12:45:00,102.28,83.88,63.1,51.16,33.18,0.22,0.0,0.0,2126.7,117.33,60.52,49.87,58.79,19.5,19.75,31.25,31.5,30.5,3.13,1.81,2.48
2025-04-18 13:00:00,101.41,83.4,60.55,49.66,32.79,0.18,0.0,0.0,2418.74,123.1,61.22,50.28,53.33,21.0,21.0,28.0,34.0,32.0,3.11,1.64,2.27
2025-04-18 13:15:00,99.17,81.26,60.48,48.23,31.56,0.0,0.0,0.0,2558.79,120.4,61.77,49.74,49.44,19.5,25.75,29.5,46.75,48.0,2.97,1.58,2.24
2025-04-18 13:30:00,96.93,79.12,60.41,46.81,30.34,0.0,0.0,0.0,2808.88,121.44,60.96,49.81,50.37,18.0,30.5,31.0,59.5,64.0,2.83,1.52,2.22
2025-04-18 13:45:00,94.7,76.98,60.34,45.39,29.12,0.0,0.0,0.0,2611.75,119.01,60.74,36.0,44.98,16.5,35.25,32.5,72.25,80.0,2.69,1.45,2.19
2025-04-18 14:00:00,92.46,74.84,60.27,43.98,27.9,0.0,0.0,0.0,3242.52,119.34,61.47,36.0,48.69,15.0,40.0,34.0,85.0,96.0,2.55,1.39,2.17
2025-04-18 14:15:00,88.41,68.56,56.9,40.57,23.79,0.0,0.0,0.0,3385.97,122.21,61.55,36.0,47.78,17.0,39.25,50.5,88.75,93.25,2.56,1.36,2.12
2025-04-18 14:30:00,84.35,62.29,53.53,37.16,19.66,0.0,0.0,0.0,3394.87,117.98,60.37,47.34,47.43,19.0,38.5,67.0,92.5,90.5,2.58,1.33,2.08
2025-04-18 14:45:00,80.3,56.01,50.16,33.76,15.51,0.0,0.0,0.0,3716.05,118.04,61.27,53.07,47.49,21.0,37.75,83.5,96.25,87.75,2.6,1.3,2.03
2025-04-18 15:00:00,76.24,49.74,46.79,30.35,11.34,0.0,0.0,0.0,3737.12,116.91,60.91,50.09,50.81,23.0,37.0,100.0,100.0,85.0,2.61,1.27,1.98
2025-04-18 15:15:00,69.03,46.2,42.34,27.57,10.45,0.0,1.52,0.0,3829.18,121.1,61.7,49.87,58.12,25.25,37.5,100.0,100.0,88.0,2.74,3.9,2.15
2025-04-18 15:30:00,61.78,42.66,37.88,24.78,9.56,0.0,11.83,0.0,4108.61,116.54,60.97,47.91,58.7,27.5,38.0,100.0,100.0,91.0,2.86,6.53,2.32
2025-04-18 15:45:00,54.52,39.1,33.42,22.0,8.66,0.0,34.88,0.0,3912.99,117.25,60.67,51.76,65.43,29.75,38.5,100.0,100.0,94.0,2.98,9.16,2.48
2025-04-18 16:00:00,47.23,35.53,28.96,19.2,7.77,0.18,75.81,0.0,4398.78,123.82,60.81,49.14,71.1,32.0,39.0,100.0,100.0,97.0,3.11,11.79,2.65
2025-04-18 16:15:00,42.39,31.36,24.82,16.36,6.77,1.49,57.69,1.06,4193.36,123.32,61.19,49.31,71.25,25.75,47.25,98.5,93.5,83.25,3.74,10.78,3.85
2025-04-18 16:30:00,37.56,27.14,20.58,13.51,5.76,3.32,42.66,3.59,4569.57,114.9,60.77,52.44,69.87,19.5,55.5,97.0,87.0,69.5,4.37,9.78,5.05
2025-04-18 16:45:00,32.72,22.88,16.24,10.65,4.75,5.76,30.43,7.66,4472.79,118.18,60.48,49.22,69.91,13.25,63.75,95.5,80.5,55.75,5.0,8.77,6.25
2025-04-18 17:00:00,27.88,18.59,11.8,7.78,3.73,8.9,20.71,13.63,4488.09,116.15,61.46,50.6,69.48,7.0,72.0,94.0,74.0,42.0,5.63,7.76,7.45
2025-04-18 17:15:00,22.35,15.22,9.87,6.62,3.53,5.29,19.4,11.87,4422.28,114.59,61.51,50.0,68.34,21.75,60.0,81.5,63.5,47.0,4.89,7.6,7.14
2025-04-18 17:30:00,16.79,11.86,7.96,5.46,3.32,2.61,18.14,10.26,4586.9,118.89,60.34,49.14,70.61,36.5,48.0,69.0,53.0,52.0,4.15,7.44,6.82
2025-04-18 17:45:00,11.2,8.5,6.08,4.29,3.11,0.74,16.93,8.79,4847.85,120.89,60.54,50.1,67.55,51.25,36.0,56.5,42.5,57.0,3.41,7.29,6.51
2025-04-18 18:00:00,5.58,5.14,4.23,3.12,2.9,0.0,15.78,7.45,5460.41,119.49,61.03,50.41,69.34,66.0,24.0,44.0,32.0,62.0,2.67,7.13,6.2
2025-04-18 18:15:00,4.19,3.86,3.18,2.35,2.17,2.35,15.94,7.19,6154.6,125.96,60.5,53.04,67.88,56.25,23.0,47.25,38.25,61.0,4.06,7.15,6.14
2025-04-18 18:30:00,2.8,2.58,2.13,1.57,1.45,7.93,16.1,6.94,6380.69,122.2,59.76,51.79,67.81,46.5,22.0,50.5,44.5,60.0,5.45,7.18,6.07
2025-04-18 18:45:00,1.4,1.29,1.07,0.79,0.73,17.23,16.27,6.69,7002.5,120.79,60.57,50.61,68.66,36.75,21.0,53.75,50.75,59.0,6.84,7.2,6.01
2025-04-18 19:00:00,0.0,0.0,0.0,0.0,0.0,31.18,16.43,6.44,7684.09,123.54,60.4,49.57,71.49,27.0,20.0,57.0,57.0,58.0,8.23,7.22,5.94
2025-04-18 19:15:00,0.0,0.0,0.0,0.0,0.0,28.68,16.05,7.18,7951.94,119.48,60.98,50.83,68.58,42.0,33.0,48.75,55.25,67.75,8.02,7.17,6.13
2025-04-18 19:30:00,0.0,0.0,0.0,0.0,0.0,26.31,15.67,7.97,8178.73,118.81,59.8,49.68,67.72,57.0,46.0,40.5,53.5,77.5,7.8,7.11,6.32
2025-04-18 19:45:00,0.0,0.0,0.0,0.0,0.0,24.07,15.3,8.81,8156.83,119.9,59.71,51.95,73.27,72.0,59.0,32.25,51.75,87.25,7.58,7.06,6.52
2025-04-18 20:00:00,0.0,0.0,0.0,0.0,0.0,21.95,14.93,9.7,8185.69,117.7,59.95,47.27,67.84,87.0,72.0,24.0,50.0,97.0,7.37,7.01,6.71
2025-04-18 20:15:00,0.0,0.0,0.0,0.0,0.0,22.7,15.37,9.66,8472.3,114.42,60.38,50.19,72.93,74.5,62.5,28.25,54.25,95.75,7.45,7.07,6.7
2025-04-18 20:30:00,0.0,0.0,0.0,0.0,0.0,23.46,15.81,9.61,8437.99,119.55,59.66,50.93,70.61,62.0,53.0,32.5,58.5,94.5,7.52,7.14,6.69
2025-04-18 20:45:00,0.0,0.0,0.0,0.0,0.0,24.25,16.27,9.56,8362.08,111.6,60.2,49.53,68.24,49.5,43.5,36.75,62.75,93.25,7.6,7.2,6.68
2025-04-18 21:00:00,0.0,0.0,0.0,0.0,0.0,25.04,16.73,9.51,8179.49,124.9,60.38,50.74,70.99,37.0,34.0,41.0,67.0,92.0,7.68,7.26,6.67
2025-04-18 21:15:00,0.0,0.0,0.0,0.0,0.0,22.92,15.17,8.9,7842.51,119.83,59.21,50.69,66.89,37.5,35.25,37.75,68.0,86.25,7.47,7.04,6.54
2025-04-18 21:30:00,0.0,0.0,0.0,0.0,0.0,20.91,13.71,8.32,7105.17,117.67,60.51,49.61,69.48,38.0,36.5,34.5,69.0,80.5,7.26,6.83,6.4
2025-04-18 21:45:00,0.0,0.0,0.0,0.0,0.0,19.01,12.34,7.75,7238.48,121.9,59.83,49.25,72.5,38.5,37.75,31.25,70.0,74.75,7.05,6.62,6.27
2025-04-18 22:00:00,0.0,0.0,0.0,0.0,0.0,17.23,11.06,7.21,6824.98,119.6,60.69,14.4,70.39,39.0,39.0,28.0,71.0,69.0,6.84,6.4,6.14
2025-04-18 22:15:00,0.0,0.0,0.0,0.0,0.0,14.43,11.2,7.34,6215.07,119.02,59.77,13.3,72.39,34.0,36.25,30.75,58.75,54.75,6.48,6.43,6.17
2025-04-18 22:30:00,0.0,0.0,0.0,0.0,0.0,11.92,11.35,7.47,5782.97,118.67,59.9,14.54,70.27,29.0,33.5,33.5,46.5,40.5,6.12,6.45,6.2
2025-04-18 22:45:00,0.0,0.0,0.0,0.0,0.0,9.69,11.5,7.61,4896.27,120.52,59.45,14.93,70.78,24.0,30.75,36.25,34.25,26.25,5.77,6.48,6.24
2025-04-18 23:00:00,0.0,0.0,0.0,0.0,0.0,7.72,11.65,7.74,4414.23,123.41,60.21,12.87,68.95,19.0,28.0,39.0,22.0,12.0,5.41,6.5,6.27
2025-04-18 23:15:00,0.0,0.0,0.0,0.0,0.0,6.43,10.56,6.78,4625.69,117.35,59.8,14.9,70.12,16.0,25.75,52.0,32.25,9.25,5.15,6.31,6.03
2025-04-18 23:30:00,0.0,0.0,0.0,0.0,0.0,5.27,9.54,5.89,4765.84,117.7,60.02,15.8,69.13,13.0,23.5,65.0,42.5,6.5,4.88,6.12,5.79
2025-04-18 23:45:00,0.0,0.0,0.0,0.0,0.0,4.22,8.57,5.08,4514.66,115.65,60.88,14.75,72.36,10.0,21.25,78.0,52.75,3.75,4.62,5.94,5.55
2025-04-19 00:00:00,0.0,0.0,0.0,0.0,0.0,3.29,7.67,4.33,4687.92,118.5,59.83,13.42,71.12,7.0,19.0,91.0,63.0,1.0,4.36,5.75,5.31
2025-04-19 00:15:00,0.0,0.0,0.0,0.0,0.0,3.67,8.28,4.42,4407.6,121.64,60.65,15.46,71.67,9.75,17.0,74.5,72.25,0.75,4.47,5.88,5.34
2025-04-19 00:30:00,0.0,0.0,0.0,0.0,0.0,4.08,8.91,4.51,4425.26,122.65,60.33,15.51,67.83,12.5,15.0,58.0,81.5,0.5,4.58,6.0,5.37
2025-04-19 00:45:00,0.0,0.0,0.0,0.0,0.0,4.51,9.58,4.6,4599.4,122.1,59.15,14.68,66.21,15.25,13.0,41.5,90.75,0.25,4.7,6.13,5.4
2025-04-19 01:00:00,0.0,0.0,0.0,0.0,0.0,4.96,10.27,4.69,4510.64,118.09,59.9,14.56,68.13,18.0,11.0,25.0,100.0,0.0,4.81,6.26,5.43
2025-04-19 01:15:00,0.0,0.0,0.0,0.0,0.0,5.78,10.01,4.05,4481.27,117.26,59.11,14.61,69.04,18.0,8.5,24.75,100.0,0.0,5.0,6.21,5.22
2025-04-19 01:30:00,0.0,0.0,0.0,0.0,0.0,6.68,9.75,3.46,4409.55,118.92,60.02,15.35,71.06,18.0,6.0,24.5,100.0,0.0,5.2,6.16,5.0
2025-04-19 01:45:00,0.0,0.0,0.0,0.0,0.0,7.64,9.5,2.91,4346.87,117.01,60.56,14.31,70.83,18.0,3.5,24.25,100.0,0.0,5.4,6.12,4.78
2025-04-19 02:00:00,0.0,0.0,0.0,0.0,0.0,8.68,9.25,2.41,4515.02,120.65,60.24,14.1,70.21,18.0,1.0,24.0,100.0,0.0,5.59,6.07,4.57
2025-04-19 02:15:00,0.0,0.0,0.0,0.0,0.0,8.31,8.49,2.53,4823.6,121.14,60.44,15.89,70.32,19.5,4.25,36.0,78.0,0.0,5.52,5.92,4.62
2025-04-19 02:30:00,0.0,0.0,0.0,0.0,0.0,7.96,7.76,2.64,4491.3,119.93,59.13,13.72,70.15,21.0,7.5,48.0,56.0,0.0,5.46,5.77,4.67
2025-04-19 02:45:00,0.0,0.0,0.0,0.0,0.0,7.61,7.08,2.76,4416.69,116.16,59.78,15.33,70.72,22.5,10.75,60.0,34.0,0.0,5.39,5.62,4.72
2025-04-19 03:00:00,0.0,0.0,0.0,0.0,0.0,7.26,6.43,2.88,4219.2,124.22,60.59,15.1,70.1,24.0,14.0,72.0,12.0,0.0,5.32,5.47,4.77
2025-04-19 03:15:00,0.0,0.0,0.0,0.0,0.0,7.62,6.43,3.08,4077.7,116.37,59.03,15.06,69.17,20.0,10.5,55.0,34.0,0.0,5.39,5.47,4.85
2025-04-19 03:30:00,0.0,0.0,0.0,0.0,0.0,7.98,6.43,3.29,4014.13,119.34,60.0,15.39,70.43,16.0,7.0,38.0,56.0,0.0,5.46,5.47,4.93
2025-04-19 03:45:00,0.0,0.0,0.0,0.0,0.0,8.35,6.43,3.5,3941.14,123.65,60.32,15.26,70.52,12.0,3.5,21.0,78.0,0.0,5.53,5.47,5.02
2025-04-19 04:00:00,0.0,0.0,0.0,0.0,0.0,8.74,6.43,3.73,3882.43,120.77,59.91,14.1,70.62,8.0,0.0,4.0,100.0,0.0,5.6,5.47,5.1
2025-04-19 04:15:00,0.0,0.0,0.0,0.0,0.0,9.3,6.46,3.58,3998.19,119.01,59.66,13.45,72.0,9.0,0.0,4.5,99.75,0.0,5.7,5.48,5.04
2025-04-19 04:30:00,0.0,0.0,0.0,0.0,0.0,9.88,6.49,3.43,3879.52,119.57,60.34,15.56,72.03,10.0,0.0,5.0,99.5,0.0,5.8,5.48,4.99
2025-04-19 04:45:00,0.0,0.0,0.0,0.0,0.0,10.49,6.52,3.29,3933.3,116.98,59.53,13.9,66.65,11.0,0.0,5.5,99.25,0.0,5.9,5.49,4.93
2025-04-19 05:00:00,0.0,0.0,0.0,0.0,0.0,11.11,6.55,3.15,4002.61,119.33,60.56,14.24,71.09,12.0,0.0,6.0,99.0,0.0,6.0,5.5,4.88
2025-04-19 05:15:00,0.0,0.0,0.0,0.0,0.0,11.76,6.72,3.25,3984.57,112.48,59.64,14.72,68.84,20.75,25.0,29.5,80.75,7.25,6.1,5.54,4.92
2025-04-19 05:30:00,0.36,0.29,0.12,0.16,0.1,12.42,6.88,3.36,4332.16,119.34,60.29,15.61,71.76,29.5,50.0,53.0,62.5,14.5,6.2,5.58,4.96
2025-04-19 05:45:00,0.54,0.43,0.18,0.24,0.15,13.11,7.05,3.48,4230.97,118.49,60.01,15.04,66.43,38.25,75.0,76.5,44.25,21.75,6.3,5.61,5.01
2025-04-19 06:00:00,0.72,0.58,0.24,0.32,0.2,13.82,7.21,3.59,4298.07,122.23,59.47,49.66,73.02,47.0,100.0,100.0,26.0,29.0,6.4,5.65,5.05
2025-04-19 06:15:00,4.44,3.41,1.18,2.18,1.25,13.59,7.49,3.86,4713.66,121.85,59.3,50.4,68.94,48.75,100.0,98.25,24.0,38.25,6.37,5.71,5.15
2025-04-19 06:30:00,8.14,6.24,2.11,4.04,2.3,13.36,7.76,4.14,4850.25,121.13,59.78,48.64,70.84,50.5,100.0,96.5,22.0,47.5,6.34,5.77,5.24
2025-04-19 06:45:00,11.83,9.07,3.05,5.89,3.34,13.13,8.05,4.43,4998.39,122.71,60.41,49.54,74.12,52.25,100.0,94.75,20.0,56.75,6.3,5.83,5.34
2025-04-19 07:00:00,15.52,11.9,3.98,7.74,4.39,12.9,8.34,4.73,4981.58,120.16,59.96,50.94,68.91,54.0,100.0,93.0,18.0,66.0,6.27,5.89,5.44
2025-04-19 07:15:00,22.13,17.23,5.96,11.0,6.25,12.12,7.92,4.42,5042.01,121.96,59.83,48.33,67.31,53.0,99.0,91.5,34.25,52.25,6.15,5.8,5.34
2025-04-19 07:30:00,28.72,22.56,7.94,14.24,8.11,11.37,7.51,4.12,5270.97,120.79,58.98,49.48,70.36,52.0,98.0,90.0,50.5,38.5,6.04,5.72,5.24
2025-04-19 07:45:00,35.28,27.89,9.91,17.47,9.96,10.64,7.11,3.84,5163.98,113.32,59.97,50.16,72.0,51.0,97.0,88.5,66.75,24.75,5.92,5.63,5.14
2025-04-19 08:00:00,41.82,33.22,11.88,20.68,11.8,9.94,6.73,3.56,5347.65,122.17,59.84,49.88,69.55,50.0,96.0,87.0,83.0,11.0,5.81,5.54,5.04
2025-04-19 08:15:00,47.94,38.83,17.16,23.79,13.91,8.99,6.0,3.17,5380.65,116.08,60.2,49.39,70.38,49.0,93.0,90.25,85.75,8.75,5.64,5.37,4.89
2025-04-19 08:30:00,54.04,44.41,22.41,26.88,16.0,8.09,5.32,2.8,5650.38,118.53,59.89,50.02,66.58,48.0,90.0,93.5,88.5,6.5,5.48,5.19,4.74
2025-04-19 08:45:00,60.11,49.98,27.64,29.96,18.08,7.24,4.69,2.46,5377.98,115.82,59.42,48.21,68.56,47.0,87.0,96.75,91.25,4.25,5.32,5.02,4.59
2025-04-19 09:00:00,66.15,55.52,32.85,33.02,20.15,6.44,4.1,2.14,4924.09,116.36,60.1,49.47,70.02,46.0,84.0,100.0,94.0,2.0,5.15,4.85,4.44
2025-04-19 09:15:00,72.03,60.07,35.27,34.06,22.32,5.44,3.54,2.02,4286.07,121.93,59.97,49.04,68.73,41.25,83.25,99.75,94.5,2.75,4.92,4.68,4.38
2025-04-19 09:30:00,77.88,64.59,37.67,35.09,24.48,4.52,3.02,1.9,4151.72,117.55,60.41,52.64,71.81,36.5,82.5,99.5,95.0,3.5,4.7,4.5,4.32
2025-04-19 09:45:00,83.7,69.1,40.07,36.12,26.63,3.68,2.54,1.79,4179.96,118.95,60.05,48.53,68.02,31.75,81.75,99.25,95.5,4.25,4.47,4.32,4.27
2025-04-19 10:00:00,89.51,73.59,42.46,37.14,28.77,2.93,2.09,1.68,4534.38,123.09,60.38,50.56,74.0,27.0,81.0,99.0,96.0,5.0,4.25,4.15,4.21
2025-04-19 10:15:00,91.81,76.3,45.09,36.65,30.04,2.36,1.63,1.34,4243.05,122.51,59.8,49.35,71.59,22.25,83.5,97.75,79.0,6.0,4.07,3.95,4.02
2025-04-19 10:30:00,94.11,79.0,47.71,36.16,31.31,1.85,1.21,1.04,3828.59,117.02,60.66,49.91,71.39,17.5,86.0,96.5,62.0,7.0,3.88,3.75,3.84
2025-04-19 10:45:00,96.4,81.69,50.32,35.68,32.56,1.38,0.83,0.76,3785.3,119.69,60.33,47.72,74.93,12.75,88.5,95.25,45.0,8.0,3.7,3.55,3.65
2025-04-19 11:00:00,98.68,84.37,52.93,35.19,33.82,0.95,0.5,0.51,3408.39,116.96,59.65,51.71,68.91,8.0,91.0,94.0,28.0,9.0,3.51,3.35,3.46
2025-04-19 11:15:00,101.21,84.62,54.57,39.88,33.95,0.88,0.24,0.38,3305.78,116.14,61.22,48.31,70.82,6.75,93.0,94.5,26.25,10.5,3.47,3.18,3.36
2025-04-19 11:30:00,103.73,84.87,56.21,44.55,34.09,0.81,0.0,0.26,3084.88,120.07,60.38,48.59,70.13,5.5,95.0,95.0,24.5,12.0,3.44,3.0,3.25
2025-04-19 11:45:00,106.24,85.11,57.84,49.21,34.22,0.73,0.0,0.14,2719.8,120.34,60.7,50.93,68.86,4.25,97.0,95.5,22.75,13.5,3.4,2.82,3.14
2025-04-19 12:00:00,108.75,85.36,59.47,53.84,34.36,0.66,0.0,0.04,2606.29,116.91,61.89,49.95,70.0,3.0,99.0,96.0,21.0,15.0,3.37,2.65,3.04
2025-04-19 12:15:00,109.01,84.89,59.77,53.89,34.04,0.69,0.0,0.0,2098.92,121.42,61.61,49.1,62.73,3.25,99.25,97.0,20.25,17.75,3.38,2.58,2.99
2025-04-19 12:30:00,109.27,84.42,60.08,53.94,33.73,0.71,0.0,0.0,2227.88,123.99,60.48,49.11,59.66,3.5,99.5,98.0,19.5,20.5,3.4,2.5,2.94
2025-04-19 12:45:00,109.53,83.96,60.38,54.0,33.42,0.74,0.0,0.0,1970.99,123.11,60.26,48.1,57.66,3.75,99.75,99.0,18.75,23.25,3.41,2.43,2.9
2025-04-19 13:00:00,109.79,83.49,60.67,54.05,33.11,0.76,0.0,0.0,1588.63,126.93,60.95,49.19,52.36,4.0,100.0,100.0,18.0,26.0,3.42,2.36,2.85
2025-04-19 13:15:00,107.0,80.41,58.79,52.99,31.72,0.76,0.0,0.0,1827.65,119.4,61.63,50.23,50.46,6.75,100.0,93.5,18.5,44.5,3.42,2.26,2.82
2025-04-19 13:30:00,104.22,77.33,56.91,51.93,30.34,0.76,0.0,0.0,2078.28,123.23,60.97,50.44,47.89,9.5,100.0,87.0,19.0,63.0,3.42,2.17,2.8
2025-04-19 13:45:00,101.44,74.26,55.02,50.87,28.96,0.76,0.0,0.0,2089.15,114.76,61.78,36.0,43.51,12.25,100.0,80.5,19.5,81.5,3.42,2.08,2.78
2025-04-19 14:00:00,98.67,71.18,53.15,49.82,27.59,0.76,0.0,0.0,2315.63,117.02,61.59,36.0,45.29,15.0,100.0,74.0,20.0,100.0,3.42,1.98,2.75
2025-04-19 14:15:00,93.19,67.37,53.18,46.94,23.87,1.28,0.0,0.0,2585.39,116.63,61.59,36.0,47.86,18.25,100.0,68.5,28.0,94.5,3.66,1.74,2.72
2025-04-19 14:30:00,87.71,63.56,53.22,44.07,20.14,1.87,0.0,0.0,2499.41,119.86,61.02,49.79,49.15,21.5,100.0,63.0,36.0,89.0,3.89,1.5,2.69
2025-04-19 14:45:00,82.23,59.75,53.26,41.19,16.4,2.54,0.0,0.0,2713.97,119.91,61.69,51.89,53.77,24.75,100.0,57.5,44.0,83.5,4.12,1.27,2.66
2025-04-19 15:00:00,76.75,55.94,53.29,38.32,12.64,3.29,0.0,0.0,3115.17,119.93,61.15,48.26,52.89,28.0,100.0,52.0,52.0,78.0,4.36,1.03,2.63
2025-04-19 15:15:00,71.08,52.91,48.67,35.17,11.2,1.56,0.0,0.0,3086.29,116.75,61.0,51.75,53.54,30.0,100.0,48.5,50.0,83.5,3.77,1.05,2.37
2025-04-19 15:30:00,65.4,49.88,44.04,32.01,9.76,0.3,0.0,0.0,3239.61,117.76,61.47,46.38,63.69,32.0,100.0,45.0,48.0,89.0,3.18,1.07,2.11
2025-04-19 15:45:00,59.72,46.84,39.41,28.86,8.3,0.0,0.0,0.0,3814.84,119.52,61.17,48.52,66.1,34.0,100.0,41.5,46.0,94.5,2.59,1.09,1.86
2025-04-19 16:00:00,54.03,43.81,34.78,25.7,6.84,0.0,0.0,0.0,3959.65,111.63,60.74,50.25,64.85,36.0,100.0,38.0,44.0,100.0,2.0,1.11,1.6
2025-04-19 16:15:00,47.81,38.8,31.05,22.66,6.56,0.0,1.12,0.22,4032.38,120.66,60.56,50.66,68.7,32.25,100.0,37.75,44.5,95.5,2.45,3.7,3.22
2025-04-19 16:30:00,41.57,33.78,27.31,19.62,6.28,0.0,10.46,3.03,4013.96,126.97,60.42,48.42,70.07,28.5,100.0,37.5,45.0,91.0,2.9,6.3,4.84
2025-04-19 16:45:00,35.32,28.75,23.56,16.58,5.99,0.61,31.75,8.52,4071.29,123.11,60.89,50.86,71.3,24.75,100.0,37.25,45.5,86.5,3.34,8.89,6.45
2025-04-19 17:00:00,29.06,23.71,19.79,13.53,5.7,1.61,69.89,17.59,4347.13,120.97,60.2,52.67,67.49,21.0,100.0,37.0,46.0,82.0,3.79,11.48,8.07
2025-04-19 17:15:00,23.38,19.45,16.41,11.19,4.91,2.32,56.59,13.5,4259.73,117.4,60.58,48.66,68.75,24.5,99.5,32.25,55.0,64.75,4.05,10.72,7.43
2025-04-19 17:30:00,17.69,15.16,13.02,8.85,4.12,3.12,45.06,10.07,4229.26,121.67,61.06,50.63,71.71,28.0,99.0,27.5,64.0,47.5,4.31,9.95,6.78
2025-04-19 17:45:00,11.97,10.85,9.62,6.5,3.34,4.02,35.17,7.22,4721.54,111.09,60.31,49.37,71.96,31.5,98.5,22.75,73.0,30.25,4.57,9.18,6.14
2025-04-19 18:00:00,6.24,6.52,6.21,4.15,2.56,5.04,26.81,4.92,4901.39,118.14,60.0,51.22,69.38,35.0,98.0,18.0,82.0,13.0,4.83,8.42,5.5
2025-04-19 18:15:00,4.69,4.89,4.67,3.12,1.93,6.66,24.43,6.52,5559.86,125.49,60.63,51.07,70.3,32.5,98.5,28.25,70.5,11.5,5.2,8.18,5.96
2025-04-19 18:30:00,3.14,3.26,3.12,2.08,1.29,8.52,22.18,8.4,6226.53,123.87,61.12,51.14,72.13,30.0,99.0,38.5,59.0,10.0,5.56,7.93,6.42
2025-04-19 18:45:00,1.57,1.63,1.57,1.04,0.64,10.64,20.08,10.57,6407.35,123.46,60.23,49.59,68.59,27.5,99.5,48.75,47.5,8.5,5.92,7.68,6.89
2025-04-19 19:00:00,0.0,0.0,0.0,0.0,0.0,13.04,18.1,13.05,6733.85,125.79,59.85,48.62,71.03,25.0,100.0,59.0,36.0,7.0,6.29,7.44,7.35
2025-04-19 19:15:00,0.0,0.0,0.0,0.0,0.0,12.54,17.67,9.96,6790.88,122.23,59.64,50.73,69.13,28.25,96.5,51.25,30.0,6.25,6.22,7.38,6.76
2025-04-19 19:30:00,0.0,0.0,0.0,0.0,0.0,12.05,17.25,7.35,7055.43,119.34,61.39,48.68,68.49,31.5,93.0,43.5,24.0,5.5,6.14,7.33,6.18
2025-04-19 19:45:00,0.0,0.0,0.0,0.0,0.0,11.58,16.84,5.2,7373.4,114.75,59.44,50.46,69.08,34.75,89.5,35.75,18.0,4.75,6.07,7.28,5.59
2025-04-19 20:00:00,0.0,0.0,0.0,0.0,0.0,11.11,16.43,3.46,7419.14,121.08,60.15,48.47,72.88,38.0,86.0,28.0,12.0,4.0,6.0,7.22,5.0
2025-04-19 20:15:00,0.0,0.0,0.0,0.0,0.0,12.19,17.37,4.49,7645.71,117.42,59.64,48.72,71.15,35.25,76.75,26.75,11.75,4.25,6.16,7.34,5.36
2025-04-19 20:30:00,0.0,0.0,0.0,0.0,0.0,13.32,18.33,5.67,7401.73,116.48,60.48,48.15,66.61,32.5,67.5,25.5,11.5,4.5,6.33,7.47,5.72
2025-04-19 20:45:00,0.0,0.0,0.0,0.0,0.0,14.52,19.33,7.0,7643.71,120.87,60.8,49.14,68.24,29.75,58.25,24.25,11.25,4.75,6.5,7.6,6.09
2025-04-19 21:00:00,0.0,0.0,0.0,0.0,0.0,15.78,20.37,8.51,7119.29,119.39,60.08,49.45,68.99,27.0,49.0,23.0,11.0,5.0,6.66,7.72,6.45
2025-04-19 21:15:00,0.0,0.0,0.0,0.0,0.0,16.9,20.79,8.21,7081.28,121.07,59.99,49.81,72.4,28.0,43.5,19.75,9.5,16.75,6.8,7.77,6.38
2025-04-19 21:30:00,0.0,0.0,0.0,0.0,0.0,18.06,21.22,7.91,7159.6,122.76,59.42,47.74,70.31,29.0,38.0,16.5,8.0,28.5,6.94,7.82,6.31
2025-04-19 21:45:00,0.0,0.0,0.0,0.0,0.0,19.28,21.66,7.62,6826.49,120.72,59.83,50.65,72.27,30.0,32.5,13.25,6.5,40.25,7.08,7.87,6.24
2025-04-19 22:00:00,0.0,0.0,0.0,0.0,0.0,20.54,22.09,7.33,9893.41,125.57,60.48,14.07,72.82,31.0,27.0,10.0,5.0,52.0,7.22,7.92,6.17
2025-04-19 22:15:00,0.0,0.0,0.0,0.0,0.0,19.39,21.46,6.78,6186.17,122.17,59.66,15.0,69.1,28.5,32.5,15.25,4.75,57.75,7.09,7.85,6.03
2025-04-19 22:30:00,0.0,0.0,0.0,0.0,0.0,18.28,20.83,6.26,5712.67,123.68,59.59,15.85,67.54,26.0,38.0,20.5,4.5,63.5,6.96,7.78,5.89
2025-04-19 22:45:00,0.0,0.0,0.0,0.0,0.0,17.21,20.22,5.75,4939.99,116.61,60.03,14.91,69.58,23.5,43.5,25.75,4.25,69.25,6.84,7.7,5.75
2025-04-19 23:00:00,0.0,0.0,0.0,0.0,0.0,16.17,19.62,5.28,8720.11,117.56,58.92,14.42,75.98,21.0,49.0,31.0,4.0,75.0,6.71,7.63,5.61
2025-04-19 23:15:00,0.0,0.0,0.0,0.0,0.0,15.98,18.57,6.46,4466.11,121.83,60.46,13.62,72.19,16.5,45.0,48.25,13.0,62.25,6.68,7.5,5.94
2025-04-19 23:30:00,0.0,0.0,0.0,0.0,0.0,15.78,17.56,7.78,4569.78,114.93,59.77,13.93,69.43,12.0,41.0,65.5,22.0,49.5,6.66,7.37,6.28
2025-04-19 23:45:00,0.0,0.0,0.0,0.0,0.0,15.58,16.58,9.26,4272.36,120.87,60.1,14.27,70.62,7.5,37.0,82.75,31.0,36.75,6.64,7.24,6.62
2025-04-20 00:00:00,0.0,0.0,0.0,0.0,0.0,15.39,15.63,10.89,4260.73,116.3,60.04,15.76,68.56,3.0,33.0,100.0,40.0,24.0,6.61,7.11,6.95
2025-04-20 00:15:00,0.0,0.0,0.0,0.0,0.0,17.0,14.55,10.77,3955.45,120.31,60.81,13.63,69.99,2.5,26.0,90.5,31.25,33.75,6.81,6.96,6.93
2025-04-20 00:30:00,0.0,0.0,0.0,0.0,0.0,18.71,13.52,10.66,4208.64,119.76,59.97,14.02,70.11,2.0,19.0,81.0,22.5,43.5,7.02,6.8,6.9
2025-04-20 00:45:00,0.0,0.0,0.0,0.0,0.0,20.52,12.53,10.55,4036.88,125.44,60.08,14.54,72.01,1.5,12.0,71.5,13.75,53.25,7.22,6.64,6.88
2025-04-20 01:00:00,0.0,0.0,0.0,0.0,0.0,22.43,11.59,10.43,4012.41,120.92,60.12,14.0,69.0,1.0,5.0,62.0,5.0,63.0,7.42,6.49,6.86
2025-04-20 01:15:00,0.0,0.0,0.0,0.0,0.0,21.92,11.39,10.26,3816.82,119.22,60.51,14.44,68.0,1.25,4.0,54.25,7.75,72.25,7.37,6.46,6.82
2025-04-20 01:30:00,0.0,0.0,0.0,0.0,0.0,21.42,11.2,10.09,3924.99,123.85,59.42,13.47,70.2,1.5,3.0,46.5,10.5,81.5,7.32,6.43,6.79
2025-04-20 01:45:00,0.0,0.0,0.0,0.0,0.0,20.93,11.02,9.92,4034.19,114.08,59.25,15.11,71.89,1.75,2.0,38.75,13.25,90.75,7.26,6.39,6.76
2025-04-20 02:00:00,0.0,0.0,0.0,0.0,0.0,20.45,10.83,9.75,4050.71,116.59,60.62,13.6,71.17,2.0,1.0,31.0,16.0,100.0,7.21,6.36,6.72
2025-04-20 02:15:00,0.0,0.0,0.0,0.0,0.0,18.38,10.13,9.04,4098.7,116.6,59.71,14.93,68.53,1.5,1.0,29.0,21.0,98.25,6.98,6.24,6.57
2025-04-20 02:30:00,0.0,0.0,0.0,0.0,0.0,16.45,9.46,8.36,3930.41,117.81,60.2,13.57,67.89,1.0,1.0,27.0,26.0,96.5,6.74,6.11,6.42
2025-04-20 02:45:00,0.0,0.0,0.0,0.0,0.0,14.65,8.81,7.71,3848.49,121.85,59.93,15.28,69.14,0.5,1.0,25.0,31.0,94.75,6.51,5.98,6.26
2025-04-20 03:00:00,0.0,0.0,0.0,0.0,0.0,12.97,8.19,7.09,4156.53,118.74,59.83,14.68,68.45,0.0,1.0,23.0,36.0,93.0,6.28,5.86,6.11
2025-04-20 03:15:00,0.0,0.0,0.0,0.0,0.0,13.9,8.25,7.08,4555.24,121.72,60.2,13.89,71.44,0.0,0.75,20.75,28.0,73.25,6.41,5.87,6.11
2025-04-20 03:30:00,0.0,0.0,0.0,0.0,0.0,14.86,8.32,7.07,4509.68,118.03,60.03,14.24,69.96,0.0,0.5,18.5,20.0,53.5,6.54,5.89,6.1
2025-04-20 03:45:00,0.0,0.0,0.0,0.0,0.0,15.86,8.38,7.06,4490.71,117.64,59.44,14.59,72.78,0.0,0.25,16.25,12.0,33.75,6.67,5.9,6.1
2025-04-20 04:00:00,0.0,0.0,0.0,0.0,0.0,16.9,8.44,7.05,4610.57,118.43,58.84,13.31,68.64,0.0,0.0,14.0,4.0,14.0,6.8,5.91,6.1
2025-04-20 04:15:00,0.0,0.0,0.0,0.0,0.0,18.0,8.57,7.04,4286.83,124.1,60.29,14.02,72.32,0.25,0.0,12.75,20.75,10.5,6.93,5.94,6.1
2025-04-20 04:30:00,0.0,0.0,0.0,0.0,0.0,19.14,8.71,7.03,4099.11,119.07,60.17,13.66,71.67,0.5,0.0,11.5,37.5,7.0,7.06,5.96,6.1
2025-04-20 04:45:00,0.0,0.0,0.0,0.0,0.0,20.33,8.85,7.02,4044.98,120.63,60.05,13.29,70.08,0.75,0.0,10.25,54.25,3.5,7.2,5.99,6.09
2025-04-20 05:00:00,0.0,0.0,0.0,0.0,0.0,21.57,8.99,7.01,3923.1,121.46,60.11,14.76,68.95,1.0,0.0,9.0,71.0,0.0,7.33,6.02,6.09
2025-04-20 05:15:00,0.0,0.0,0.0,0.0,0.0,19.57,8.12,6.79,4121.47,117.09,59.45,14.78,71.65,2.75,0.0,14.75,78.25,15.25,7.11,5.84,6.03
2025-04-20 05:30:00,0.42,0.29,0.16,0.09,0.08,17.68,7.3,6.57,4119.12,117.52,59.58,13.34,68.51,4.5,0.0,20.5,85.5,30.5,6.9,5.67,5.98
2025-04-20 05:45:00,0.63,0.43,0.24,0.14,0.12,15.92,6.53,6.36,4038.24,117.48,59.83,14.96,68.57,6.25,0.0,26.25,92.75,45.75,6.68,5.5,5.92
2025-04-20 06:00:00,0.84,0.58,0.32,0.19,0.16,14.26,5.81,6.15,4248.5,115.83,61.1,49.36,69.01,8.0,0.0,32.0,100.0,61.0,6.46,5.32,5.86
2025-04-20 06:15:00,4.29,3.62,2.21,1.18,1.03,13.61,5.4,5.24,4400.36,119.3,60.3,48.85,72.73,11.75,2.5,49.0,99.75,51.25,6.37,5.22,5.6
2025-04-20 06:30:00,7.72,6.67,4.1,2.17,1.91,12.97,5.01,4.42,4771.18,120.94,60.41,47.94,68.87,15.5,5.0,66.0,99.5,41.5,6.28,5.11,5.34
2025-04-20 06:45:00,11.14,9.72,5.99,3.15,2.78,12.36,4.63,3.67,4923.91,122.75,60.05,50.09,71.26,19.25,7.5,83.0,99.25,31.75,6.19,5.0,5.08
2025-04-20 07:00:00,14.56,12.77,7.87,4.14,3.65,11.76,4.26,3.0,5040.95,121.46,60.23,48.25,70.17,23.0,10.0,100.0,99.0,22.0,6.1,4.9,4.82
2025-04-20 07:15:00,20.31,18.17,10.26,6.75,5.68,10.66,3.48,2.91,5090.66,119.16,60.88,51.04,75.2,19.5,12.0,82.0,82.0,18.0,5.93,4.66,4.78
2025-04-20 07:30:00,26.04,23.57,12.64,9.35,7.69,9.62,2.78,2.82,5074.04,122.27,59.63,50.02,68.43,16.0,14.0,64.0,65.0,14.0,5.76,4.42,4.74
2025-04-20 07:45:00,31.75,28.96,15.01,11.94,9.68,8.64,2.15,2.73,5073.36,123.42,60.0,48.56,72.49,12.5,16.0,46.0,48.0,10.0,5.58,4.17,4.71
2025-04-20 08:00:00,37.43,34.29,17.37,14.52,11.67,7.72,1.58,2.64,5155.5,119.08,59.83,51.95,70.7,9.0,18.0,28.0,31.0,6.0,5.41,3.93,4.67
2025-04-20 08:15:00,44.8,39.43,22.62,19.24,14.02,6.48,1.45,2.59,5135.26,114.72,59.78,49.95,69.51,8.5,13.75,21.5,30.25,16.75,5.16,3.86,4.65
2025-04-20 08:30:00,52.14,44.55,27.84,23.93,16.34,5.35,1.31,2.55,4976.38,118.87,60.28,51.15,70.71,8.0,9.5,15.0,29.5,27.5,4.9,3.8,4.63
2025-04-20 08:45:00,59.44,49.66,33.02,28.59,18.66,4.33,1.18,2.5,4852.0,121.22,61.17,47.59,68.36,7.5,5.25,8.5,28.75,38.25,4.65,3.74,4.61
2025-04-20 09:00:00,66.72,54.74,38.18,33.23,20.96,3.42,1.05,2.46,4769.54,119.06,59.19,51.31,68.44,7.0,1.0,2.0,28.0,49.0,4.4,3.67,4.59
2025-04-20 09:15:00,72.62,59.42,43.18,36.39,22.89,2.88,0.73,2.0,4436.13,119.99,60.56,49.77,68.42,6.5,13.5,4.0,23.75,61.75,4.24,3.49,4.37
2025-04-20 09:30:00,78.49,64.07,48.14,39.55,24.81,2.38,0.43,1.58,4130.37,119.58,60.23,49.66,69.12,6.0,26.0,6.0,19.5,74.5,4.07,3.3,4.16
2025-04-20 09:45:00,84.34,68.71,53.07,42.69,26.72,1.91,0.16,1.2,4075.59,117.88,60.73,49.4,69.09,5.5,38.5,8.0,15.25,87.25,3.9,3.12,3.94
2025-04-20 10:00:00,90.17,73.34,57.97,45.81,28.63,1.49,0.0,0.86,4088.84,123.11,60.65,48.72,68.88,5.0,51.0,10.0,11.0,100.0,3.74,2.94,3.72
2025-04-20 10:15:00,93.62,75.68,60.29,47.23,29.5,1.15,0.0,0.44,3800.59,121.82,59.99,48.88,72.35,23.0,61.5,10.25,13.25,99.75,3.6,2.76,3.41
2025-04-20 10:30:00,97.05,78.01,62.59,48.65,30.36,0.84,0.0,0.09,3343.08,119.29,60.77,51.46,70.63,41.0,72.0,10.5,15.5,99.5,3.46,2.57,3.1
2025-04-20 10:45:00,100.47,80.33,64.89,50.06,31.22,0.55,0.0,0.0,3356.35,117.68,61.28,51.47,66.6,59.0,82.5,10.75,17.75,99.25,3.31,2.39,2.78
2025-04-20 11:00:00,103.88,82.65,67.17,51.47,32.08,0.29,0.0,0.0,3024.04,113.13,61.18,49.74,71.06,77.0,93.0,11.0,20.0,99.0,3.17,2.2,2.47
2025-04-20 11:15:00,104.93,84.25,67.5,52.09,30.97,0.13,0.0,0.0,2759.44,114.38,60.53,48.75,67.85,78.25,93.5,12.75,20.5,98.0,3.08,2.06,2.51
2025-04-20 11:30:00,105.98,85.84,67.83,52.71,29.85,0.0,0.0,0.0,2784.58,120.78,62.19,52.8,73.26,79.5,94.0,14.5,21.0,97.0,2.98,1.92,2.54
2025-04-20 11:45:00,107.02,87.43,68.15,53.33,28.73,0.0,0.0,0.0,2832.94,122.56,61.19,48.98,69.15,80.75,94.5,16.25,21.5,96.0,2.89,1.77,2.58
2025-04-20 12:00:00,108.06,89.02,68.48,53.94,27.61,0.0,0.0,0.0,2894.69,117.97,60.79,51.48,67.68,82.0,95.0,18.0,22.0,95.0,2.8,1.63,2.62
2025-04-20 12:15:00,107.66,88.01,68.57,53.82,28.69,0.0,0.0,0.0,2753.7,123.09,60.78,51.18,65.49,83.25,95.75,19.5,24.75,92.75,2.77,1.58,2.53
2025-04-20 12:30:00,107.26,87.01,68.66,53.7,29.77,0.0,0.0,0.0,2454.72,123.4,61.03,49.62,60.67,84.5,96.5,21.0,27.5,90.5,2.74,1.54,2.44
2025-04-20 12:45:00,106.86,86.01,68.75,53.58,30.85,0.0,0.0,0.0,2166.41,120.16,61.18,50.55,55.67,85.75,97.25,22.5,30.25,88.25,2.72,1.49,2.34
2025-04-20 13:00:00,106.47,85.01,68.84,53.46,31.93,0.0,0.0,0.0,2315.78,123.13,61.18,51.25,53.21,87.0,98.0,24.0,33.0,86.0,2.69,1.44,2.25
2025-04-20 13:15:00,102.5,81.84,66.56,50.58,29.44,0.0,0.0,0.0,2140.66,121.15,60.83,48.43,51.26,90.25,98.5,24.25,49.75,82.25,2.53,1.49,2.19
2025-04-20 13:30:00,98.53,78.68,64.28,47.71,26.96,0.0,0.0,0.0,2223.0,118.46,62.12,48.73,47.89,93.5,99.0,24.5,66.5,78.5,2.37,1.54,2.12
2025-04-20 13:45:00,94.56,75.52,62.01,44.83,24.47,0.0,0.0,0.0,2618.5,115.51,60.53,36.0,46.64,96.75,99.5,24.75,83.25,74.75,2.21,1.58,2.06
2025-04-20 14:00:00,90.59,72.36,59.74,41.96,21.99,0.0,0.0,0.0,2492.23,118.5,61.73,36.0,46.62,100.0,100.0,25.0,100.0,71.0,2.05,1.63,2.0
2025-04-20 14:15:00,74.57,64.45,56.24,37.19,20.64,0.0,0.0,0.0,2743.9,123.42,61.87,36.0,43.27,98.0,99.5,26.75,100.0,64.0,2.15,1.3,2.08
2025-04-20 14:30:00,58.44,56.51,52.75,32.41,19.28,0.0,0.0,0.0,3103.72,118.72,61.08,49.94,48.93,96.0,99.0,28.5,100.0,57.0,2.24,0.98,2.16
2025-04-20 14:45:00,42.2,48.55,49.25,27.62,17.93,0.0,0.0,0.0,3371.44,113.74,61.31,49.49,49.47,94.0,98.5,30.25,100.0,50.0,2.34,0.65,2.23
2025-04-20 15:00:00,25.85,40.56,45.75,22.82,16.58,0.0,0.0,0.0,3781.29,117.0,60.47,50.84,52.73,92.0,98.0,32.0,100.0,43.0,2.44,0.32,2.31
2025-04-20 15:15:00,29.59,36.71,42.43,21.59,16.77,0.0,0.0,0.85,3821.02,120.31,60.76,49.96,55.5,91.75,94.0,45.75,94.75,41.5,2.26,2.04,3.71
2025-04-20 15:30:00,33.34,32.82,39.11,20.36,16.96,0.0,1.21,3.77,3980.44,118.75,60.88,51.06,59.72,91.5,90.0,59.5,89.5,40.0,2.08,3.75,5.12
2025-04-20 15:45:00,37.11,28.9,35.77,19.13,17.15,0.0,6.41,8.81,8090.56,121.17,61.64,48.88,64.82,91.25,86.0,73.25,84.25,38.5,1.91,5.46,6.52
2025-04-20 16:00:00,40.89,24.96,32.41,17.89,17.34,0.0,16.14,16.57,3990.52,128.58,61.07,51.52,71.28,91.0,82.0,87.0,79.0,37.0,1.73,7.18,7.92
2025-04-20 16:15:00,36.31,24.16,28.69,16.12,15.19,0.0,14.88,10.93,4196.78,121.71,61.79,49.99,69.05,92.25,75.75,76.75,70.75,36.0,2.86,7.0,6.96
2025-04-20 16:30:00,31.72,23.37,24.92,14.35,13.03,2.13,13.68,6.65,4224.38,120.42,60.19,48.35,71.06,93.5,69.5,66.5,62.5,35.0,3.98,6.82,6.0
2025-04-20 16:45:00,27.13,22.58,21.1,12.57,10.87,6.27,12.55,3.54,4233.24,123.86,61.84,49.79,68.76,94.75,63.25,56.25,54.25,34.0,5.11,6.65,5.03
2025-04-20 17:00:00,22.55,21.79,17.23,10.79,8.7,12.7,11.47,1.43,4022.36,117.22,61.2,51.81,69.61,96.0,57.0,46.0,46.0,33.0,6.24,6.47,4.07
2025-04-20 17:15:00,17.72,16.93,14.2,9.16,7.21,9.55,12.48,3.14,3978.31,123.35,60.95,50.93,70.46,97.0,67.75,43.25,46.5,48.0,5.74,6.64,4.88
2025-04-20 17:30:00,12.85,12.01,11.19,7.51,5.72,6.9,13.55,5.53,4032.73,120.83,60.54,50.32,71.0,98.0,78.5,40.5,47.0,63.0,5.24,6.8,5.68
2025-04-20 17:45:00,7.94,7.03,8.19,5.86,4.22,4.7,14.67,8.7,4781.95,122.74,60.53,50.63,66.38,99.0,89.25,37.75,47.5,78.0,4.75,6.97,6.49
2025-04-20 18:00:00,2.97,2.02,5.2,4.18,2.71,2.93,15.85,12.77,5009.12,119.27,60.9,49.88,69.66,100.0,100.0,35.0,48.0,93.0,4.25,7.14,7.3
2025-04-20 18:15:00,2.23,1.51,3.93,3.14,2.04,2.41,15.44,13.13,5445.63,120.16,60.76,48.68,70.26,100.0,100.0,30.25,51.0,87.25,4.08,7.08,7.36
2025-04-20 18:30:00,1.49,1.01,2.65,2.1,1.36,1.94,15.04,13.49,6094.2,124.66,60.21,48.3,69.34,100.0,100.0,25.5,54.0,81.5,3.92,7.02,7.42
2025-04-20 18:45:00,0.74,0.5,1.36,1.05,0.68,1.51,14.64,13.85,6500.58,125.76,60.09,50.65,69.33,100.0,100.0,20.75,57.0,75.75,3.75,6.97,7.49
2025-04-20 19:00:00,0.0,0.0,0.0,0.0,0.0,1.11,14.25,14.23,6931.01,125.54,60.25,49.73,65.6,100.0,100.0,16.0,60.0,70.0,3.58,6.91,7.55
2025-04-20 19:15:00,0.0,0.0,0.0,0.0,0.0,1.58,16.93,12.77,6996.45,116.74,60.83,50.01,72.01,100.0,99.75,31.75,53.75,58.75,3.78,7.29,7.3
2025-04-20 19:30:00,0.0,0.0,0.0,0.0,0.0,2.09,19.91,11.41,6947.34,122.14,59.22,49.76,70.89,100.0,99.5,47.5,47.5,47.5,3.97,7.66,7.05
2025-04-20 19:45:00,0.0,0.0,0.0,0.0,0.0,2.66,23.2,10.14,7159.78,124.78,59.35,47.33,70.58,100.0,99.25,63.25,41.25,36.25,4.16,8.04,6.8
2025-04-20 20:00:00,0.0,0.0,0.0,0.0,0.0,3.29,26.81,8.96,7326.78,118.32,59.8,47.6,71.4,100.0,99.0,79.0,35.0,25.0,4.36,8.42,6.55
2025-04-20 20:15:00,0.0,0.0,0.0,0.0,0.0,2.17,21.33,7.27,7418.62,121.73,59.49,50.59,72.02,100.0,97.0,69.5,31.25,20.0,4.0,7.83,6.16
2025-04-20 20:30:00,0.0,0.0,0.0,0.0,0.0,1.24,16.62,5.79,7658.42,117.21,59.12,50.45,69.33,100.0,95.0,60.0,27.5,15.0,3.64,7.24,5.76
2025-04-20 20:45:00,0.0,0.0,0.0,0.0,0.0,0.47,12.61,4.49,7484.06,120.02,59.63,47.93,67.68,100.0,93.0,50.5,23.75,10.0,3.27,6.66,5.36
2025-04-20 21:00:00,0.0,0.0,0.0,0.0,0.0,0.0,9.25,3.38,7221.3,122.88,59.08,50.95,72.38,100.0,91.0,41.0,20.0,5.0,2.91,6.07,4.97
2025-04-20 21:15:00,0.0,0.0,0.0,0.0,0.0,0.14,8.56,2.59,7081.91,120.31,60.05,51.87,70.34,99.5,79.5,55.25,18.0,10.75,3.08,5.94,4.65
2025-04-20 21:30:00,0.0,0.0,0.0,0.0,0.0,0.45,7.91,1.91,6817.85,120.97,60.12,48.14,68.46,99.0,68.0,69.5,16.0,16.5,3.26,5.8,4.33
2025-04-20 21:45:00,0.0,0.0,0.0,0.0,0.0,0.8,7.28,1.32,6387.51,122.12,60.39,48.99,66.99,98.5,56.5,83.75,14.0,22.25,3.44,5.66,4.01
2025-04-20 22:00:00,0.0,0.0,0.0,0.0,0.0,1.18,6.68,0.82,6073.19,116.96,59.92,14.04,70.15,98.0,45.0,98.0,12.0,28.0,3.61,5.53,3.69
2025-04-20 22:15:00,0.0,0.0,0.0,0.0,0.0,0.0,6.43,1.64,5807.13,117.56,60.03,15.29,68.27,95.25,38.75,98.25,9.0,44.25,2.87,5.47,4.19
2025-04-20 22:30:00,0.0,0.0,0.0,0.0,0.0,0.0,6.18,2.69,5169.03,121.68,59.54,14.73,68.98,92.5,32.5,98.5,6.0,60.5,2.12,5.41,4.69
2025-04-20 22:45:00,0.0,0.0,0.0,0.0,0.0,0.0,5.93,3.98,4599.0,116.29,59.02,14.27,68.92,89.75,26.25,98.75,3.0,76.75,1.38,5.35,5.19
2025-04-20 23:00:00,0.0,0.0,0.0,0.0,0.0,0.0,5.69,5.55,4154.23,117.66,59.94,15.75,69.51,87.0,20.0,99.0,0.0,93.0,0.64,5.29,5.69
2025-04-20 23:15:00,0.0,0.0,0.0,0.0,0.0,0.0,6.29,5.59,4229.09,118.73,60.12,15.15,66.37,82.75,18.0,76.25,5.25,94.75,1.19,5.44,5.7
2025-04-20 23:30:00,0.0,0.0,0.0,0.0,0.0,0.0,6.92,5.63,4306.32,122.68,60.19,12.87,68.57,78.5,16.0,53.5,10.5,96.5,1.74,5.58,5.72
2025-04-20 23:45:00,0.0,0.0,0.0,0.0,0.0,0.0,7.59,5.68,4299.26,118.56,59.9,14.68,71.17,74.25,14.0,30.75,15.75,98.25,2.3,5.73,5.73
